time,chla,fe,NO3,PO4,sea_surface_temperature_anomaly,silicate,O2,Salinity,uo,vo,wo,spC02,ph,chla_log,month,doy,month_sin,month_cos,doy_sin,doy_cos,kd(light)
15-11-2023,0.33952922,0.001765782,28.127596,0.000853935,0.35593224,66.02396,216.79845,23.269981,0.06648849,0.5066118,-1.71E-06,29.223454,8.155941963,0.292318224,11,319,-0.5,0.866025404,-0.711656622,0.702527474,0.046792276
16-11-2023,0.29421845,0.001573881,21.586666,0.001641164,0.5639782,51.700134,213.13123,24.965141,-0.043049566,0.50742805,-5.89E-06,30.073938,8.138962746,0.257906999,11,320,-0.5,0.866025404,-0.699458327,0.714673386,0.052439552
17-11-2023,0.23960705,0.001254602,14.680003,0.000476301,0.7122402,30.62213,211.46613,28.803804,0.27514175,-0.057592865,-1.43E-06,32.184574,8.105216026,0.214794434,11,321,-0.5,0.866025404,-0.687052767,0.726607525,0.066645332
18-11-2023,0.1864934,0.001100765,12.298223,0.000221113,0.7525158,22.906878,211.24419,28.447226,-0.18673511,0.562859,3.28E-07,33.53463,8.086389542,0.171002234,11,322,-0.5,0.866025404,-0.674443619,0.738326354,0.060290381
19-11-2023,0.19499026,0.001227238,15.153887,0.000306577,0.7197819,30.93846,211.8805,29.099293,-0.34111765,0.30392566,3.68E-07,34.079,8.076333046,0.178138035,11,323,-0.5,0.866025404,-0.661634618,0.749826401,0.047618665
20-11-2023,0.21697369,0.001227107,18.000496,0.000496069,0.6717663,38.911293,212.30554,29.794968,-0.017832821,0.22959286,7.24E-06,34.479923,8.06961441,0.196367195,11,324,-0.5,0.866025404,-0.648629561,0.761104259,0.043858875
21-11-2023,0.22187553,0.000920765,18.519125,0.000475261,0.6527767,39.391506,212.4672,30.031055,-0.10379018,0.3985768,-9.57E-07,33.58901,8.088764191,0.200386998,11,325,-0.5,0.866025404,-0.635432301,0.772156584,0.045406424
22-11-2023,0.21393411,0.000876213,18.4805,0.000406308,0.76468086,39.529274,212.91711,30.268253,-0.2533716,0.038971025,-6.72E-06,33.58269,8.089705467,0.193866416,11,326,-0.5,0.866025404,-0.622046748,0.782980104,0.043858968
23-11-2023,0.20683098,0.001011665,19.070328,0.000410826,0.21063232,39.582226,213.55441,29.359991,-0.15108609,-0.14387651,3.48E-06,33.987885,8.078824997,0.187997899,11,327,-0.5,0.866025404,-0.60847687,0.793571609,0.046213102
24-11-2023,0.19727074,0.001032029,19.252317,0.000394736,-0.1302433,38.75712,214.0499,29.156454,-0.03618456,-0.13165958,4.03E-06,33.544285,8.083000183,0.180044583,11,328,-0.5,0.866025404,-0.594726687,0.803927962,0.057111189
25-11-2023,0.1860327,0.000988952,18.90763,0.000363044,0.011159897,37.673313,214.38254,29.4381,-0.15270713,0.026970474,1.92E-06,32.945854,8.092015266,0.170613872,11,329,-0.5,0.866025404,-0.580800273,0.814046094,0.058305569
26-11-2023,0.17927808,0.000947979,18.977457,0.000342626,-0.40026855,36.930702,214.68303,30.172905,-0.04021434,0.079073116,-9.02E-06,32.27414,8.102290154,0.164902455,11,330,-0.5,0.866025404,-0.566701756,0.823923006,0.051244982
27-11-2023,0.17220049,0.00087739,18.786057,0.000315647,0.06690407,36.176975,214.8096,31.65842,0.20877731,0.051255193,7.47E-07,31.792305,8.109781265,0.158882743,11,331,-0.5,0.866025404,-0.552435313,0.833555772,0.047851559
28-11-2023,0.16119199,0.000891542,17.850288,0.000278659,0.18147469,34.735493,214.58505,31.160799,0.17550385,-0.14267161,-6.36E-06,31.916183,8.107777596,0.149447055,11,332,-0.5,0.866025404,-0.538005172,0.842941537,0.046066973
29-11-2023,0.15623611,0.001011462,17.771803,0.000285472,0.5029335,33.432842,214.56769,26.875334,0.17818165,-0.18144757,2.70E-06,31.558271,8.112099648,0.145169997,11,333,-0.5,0.866025404,-0.523415607,0.852077521,0.044650249
30-11-2023,0.15462148,0.001155858,18.109396,0.000242569,0.20652771,32.246998,214.74023,26.583807,0.21447048,0.08331513,9.94E-07,30.645096,8.124790192,0.143772567,11,334,-0.5,0.866025404,-0.508670944,0.860961016,0.043479305
01-12-2023,0.14944406,0.001244456,17.974771,0.000222438,0.012712479,30.540066,214.80238,27.02962,0.13864093,0.15539467,2.32E-07,30.137766,8.132152557,0.139278399,12,335,-2.45E-16,1,-0.49377555,0.869589389,0.04447623
02-12-2023,0.14898944,0.001275447,17.913624,0.000293142,-0.08812904,29.116516,215.02629,27.235397,0.060866103,-0.042126108,-9.42E-07,30.080418,8.133011818,0.138882808,12,336,-2.45E-16,1,-0.47873384,0.877960085,0.045717001
03-12-2023,0.15310605,0.001298839,17.807556,0.000262561,-0.109148026,28.13935,215.26476,26.997906,0.029556453,-0.16997445,-9.22E-07,30.043367,8.133318901,0.142459215,12,337,-2.45E-16,1,-0.463550271,0.886070622,0.048502356
04-12-2023,0.15210682,0.001318736,17.290434,0.0002887,-0.12110901,27.026398,215.23627,26.815742,0.033291817,-0.19047198,2.87E-07,30.076332,8.132834435,0.141592284,12,338,-2.45E-16,1,-0.448229342,0.893918597,0.050093323
05-12-2023,0.15199466,0.001324865,16.89417,0.000246474,-0.058401108,26.063168,215.28665,26.86821,-0.06109002,-0.15864491,1.82E-06,30.192453,8.131262779,0.141494927,12,339,-2.45E-16,1,-0.432775593,0.901501684,0.049028367
06-12-2023,0.1477523,0.001317804,16.186123,0.00022922,0.043842316,24.699621,215.03954,26.950974,0.03991372,-0.1451181,3.54E-08,30.474453,8.127122879,0.137805508,12,340,-2.45E-16,1,-0.417193603,0.908817637,0.047659133
07-12-2023,0.13748345,0.001288174,14.221074,0.000222645,0.007242203,21.886475,213.98378,26.776018,0.20229656,-0.100121655,-1.17E-07,30.552387,8.125891685,0.128818322,12,341,-2.45E-16,1,-0.401487989,0.915864288,0.047659133
08-12-2023,0.13044529,0.00128627,13.156359,0.000169616,0.043577194,20.286724,213.55785,26.528955,-0.08913822,-0.24538893,-9.87E-07,30.514187,8.126847267,0.122611617,12,342,-2.45E-16,1,-0.385663406,0.922639549,0.046435434
09-12-2023,0.12676737,0.001338856,13.045543,0.000165644,-0.052101135,19.937677,213.76529,26.528713,-0.06852118,-0.23522411,1.46E-06,30.769285,8.12379837,0.119352798,12,343,-2.45E-16,1,-0.369724543,0.929141411,0.045400001
10-12-2023,0.12340125,0.001354577,12.783943,0.00014533,-0.17571068,19.420267,214.00436,26.752665,-0.030445978,-0.06655887,1.85E-06,30.679853,8.125738144,0.116360914,12,344,-2.45E-16,1,-0.353676122,0.935367949,0.045400001
11-12-2023,0.12067028,0.001431828,12.715515,0.000139977,-0.5500164,19.15133,214.45818,26.52669,-0.10609688,0.022336775,-6.56E-07,30.00026,8.136642456,0.113926971,12,345,-2.45E-16,1,-0.3375229,0.941317318,0.045286901
12-12-2023,0.118284255,0.001523146,12.416831,0.00013845,-0.9363384,18.616774,214.83075,26.466974,-0.034855127,0.043473117,-4.31E-07,29.005716,8.152108192,0.111795596,12,346,-2.45E-16,1,-0.321269662,0.946987753,0.043979794
13-12-2023,0.116882734,0.001579081,11.867555,0.000137792,-0.88840866,17.84514,215.16338,25.859922,-0.040543396,0.1771078,-1.61E-06,28.119581,8.166362762,0.110541532,12,347,-2.45E-16,1,-0.304921225,0.952377576,0.044241346
14-12-2023,0.11645683,0.001676433,11.825844,0.000136563,-1.3519859,17.704466,215.86977,24.832813,-0.17042385,0.21107398,-1.69E-06,27.513386,8.176121712,0.110160126,12,348,-2.45E-16,1,-0.288482433,0.957485188,0.045139004
15-12-2023,0.11646485,0.001705745,12.20965,0.000137149,-1.4835854,17.92743,216.88493,24.497776,-0.06485514,0.12641746,1.59E-06,27.206015,8.181517601,0.110167309,12,349,-2.45E-16,1,-0.271958158,0.962309077,0.045400001
16-12-2023,0.11740727,0.001651186,12.6829,0.000139755,-1.5003319,18.043457,217.89648,24.3408,-0.016942007,0.1640846,1.24E-06,27.135118,8.183292389,0.111011064,12,350,-2.45E-16,1,-0.255353295,0.966847814,0.045400001
17-12-2023,0.11841594,0.001605125,13.077857,0.000141664,-1.5921001,18.271824,218.82172,24.653994,-0.092291,0.09641328,7.95E-07,27.36796,8.179094315,0.111913345,12,351,-2.45E-16,1,-0.238672766,0.971100052,0.046708036
18-12-2023,0.120789476,0.001572334,13.737113,0.000145948,-1.7515335,18.557362,219.90863,24.982485,-0.0526025,-0.00262685,3.71E-07,27.77139,8.171377182,0.114033326,12,352,-2.45E-16,1,-0.221921513,0.975064532,0.048110001
19-12-2023,0.12535813,0.001509841,14.650939,0.000153968,-1.7913475,18.642838,221.21599,25.379665,-0.029096503,0.037666697,4.32E-07,28.014383,8.167050362,0.118101323,12,353,-2.45E-16,1,-0.2051045,0.97874008,0.048110001
20-12-2023,0.13174605,0.001427973,15.6923485,0.000165141,-1.237236,18.610237,222.53181,25.934101,0.027977714,0.13081448,3.69E-07,28.043125,8.167149544,0.123761617,12,354,-2.45E-16,1,-0.18822671,0.982125606,0.048110001
21-12-2023,0.13821958,0.001355275,16.594435,0.000177597,-1.3308868,18.559242,223.4576,26.605639,0.009618387,0.119195946,3.13E-08,28.082232,8.16660881,0.12946527,12,355,-2.45E-16,1,-0.171293144,0.985220107,0.047997285
22-12-2023,0.13891383,0.00131496,16.76196,0.000177428,-1.4020576,18.615612,223.59076,26.83741,0.027438477,-6.02E-05,-3.28E-06,28.320166,8.162036896,0.130075028,12,356,-2.45E-16,1,-0.154308821,0.988022666,0.047659133
23-12-2023,0.13777529,0.001284021,16.726244,0.000176131,-1.5770721,18.721083,223.50565,26.071856,-0.000703757,-0.20604028,-2.21E-06,28.592562,8.157389641,0.129074856,12,357,-2.45E-16,1,-0.137278772,0.990532452,0.045930415
24-12-2023,0.14345665,0.001258683,17.44537,0.000189398,-1.3440552,18.57841,224.1483,25.725996,-0.037621878,-0.2040479,2.71E-06,28.861252,8.15345192,0.134055824,12,358,-2.45E-16,1,-0.120208045,0.992748722,0.044982407
25-12-2023,0.15506256,0.001224621,18.599627,0.000212012,-1.0793304,18.042812,225.43777,26.382807,-0.072330356,-0.1219536,1.85E-06,29.242846,8.147578239,0.144154507,12,359,-2.45E-16,1,-0.103101697,0.99467082,0.044982407
26-12-2023,0.16598672,0.001199203,19.59911,0.000241842,-0.79205513,17.117382,226.78204,26.84017,-0.015921328,0.002595067,2.80E-06,29.99906,8.13589859,0.153567698,12,360,-2.45E-16,1,-0.085964799,0.996298175,0.044982407
27-12-2023,0.17262375,0.001176226,20.308311,0.0002613,-0.019496918,16.062494,227.91263,27.705154,-0.045748495,0.1358806,7.00E-07,30.634481,8.126777649,0.159243759,12,361,-2.45E-16,1,-0.068802427,0.997630305,0.0453826
28-12-2023,0.17541231,0.001218413,20.67434,0.000274949,0.19842148,15.059328,228.69797,28.261633,-0.014747505,0.043379627,1.57E-07,30.82889,8.124268532,0.161618988,12,362,-2.45E-16,1,-0.051619667,0.998666816,0.045400001
29-12-2023,0.17363346,0.001266376,20.645172,0.000273593,0.32002258,14.360349,228.94145,28.405207,0.03090358,0.11286343,1.32E-06,30.457,8.130284309,0.160104458,12,363,-2.45E-16,1,-0.034421612,0.999407401,0.045313001
30-12-2023,0.16958632,0.001290743,20.442081,0.000266625,0.19147491,13.909655,228.90712,28.290295,0.02911639,0.12602498,-1.28E-06,29.924932,8.139211655,0.156650114,12,364,-2.45E-16,1,-0.017213356,0.999851839,0.042933594
31-12-2023,0.16498043,0.001281799,20.095695,0.00025515,0.12381935,13.585294,228.68779,28.900671,0.02750574,0.03851335,-2.69E-06,29.959036,8.138652802,0.152704289,12,365,-2.45E-16,1,6.43E-16,1,0.042890001
01-01-2024,0.16032645,0.001180599,19.666101,0.000247377,0.13648605,13.414346,228.35356,29.341734,0.10755802,-0.022938522,-1.82E-06,30.117735,8.135806084,0.148701388,1,1,0.5,0.866025404,0.017213356,0.999851839,0.043020498
02-01-2024,0.15651277,0.001064594,19.253283,0.000235709,0.14913177,13.3732605,228.03456,29.230259,0.064795494,-0.16762164,2.13E-07,30.13836,8.134805679,0.145409245,1,2,0.5,0.866025404,0.034421612,0.999407401,0.043307595
03-01-2024,0.15331495,0.001001922,18.866682,0.000224208,0.2284298,13.346943,227.79234,28.681324,0.005819296,-0.23267975,2.40E-06,30.11627,8.134474754,0.142640361,1,3,0.5,0.866025404,0.051619667,0.998666816,0.043185797
04-01-2024,0.15058543,0.000956697,18.491524,0.000213707,-0.045778275,13.231752,227.60553,28.425882,-0.033817105,-0.22877486,3.52E-06,29.960493,8.136396408,0.140270882,1,4,0.5,0.866025404,0.068802427,0.997630305,0.043064367
05-01-2024,0.1502676,0.000908156,17.78788,0.000208353,-0.090372086,13.010722,227.22037,28.696795,-0.06691339,-0.16070646,1.36E-06,29.860718,8.137501717,0.139994611,1,5,0.5,0.866025404,0.085964799,0.996298175,0.044982407
06-01-2024,0.15295437,0.000870325,17.485743,0.00020933,-0.22520447,12.824021,227.21753,28.748375,-0.04058323,-0.15776426,2.69E-07,29.887363,8.136760712,0.142327665,1,6,0.5,0.866025404,0.103101697,0.99467082,0.044692919
07-01-2024,0.15686518,0.000839314,17.270279,0.000217117,-0.24630928,12.695971,227.29135,28.805582,-0.13490106,-0.20749536,3.43E-07,29.867655,8.136778831,0.145713916,1,7,0.5,0.866025404,0.120208045,0.992748722,0.044861786
08-01-2024,0.16204919,0.00083399,17.122717,0.000231525,0.04201317,12.72041,227.52924,29.104916,-0.16182604,-0.19148117,9.18E-08,30.084549,8.13374424,0.15018499,1,8,0.5,0.866025404,0.137278772,0.990532452,0.043297984
09-01-2024,0.16637571,0.000837197,16.958128,0.000247575,0.22019577,12.502197,227.85593,29.510508,-0.14602178,-0.23180914,-3.91E-07,30.340044,8.130186081,0.153901257,1,9,0.5,0.866025404,0.154308821,0.988022666,0.042504016
10-01-2024,0.16927086,0.000830635,16.817566,0.000261086,0.21827698,12.442304,228.1847,29.944511,-0.13849138,-0.17932685,-8.68E-07,30.35538,8.129715919,0.156380358,1,10,0.5,0.866025404,0.171293144,0.985220107,0.042101096
11-01-2024,0.1714212,0.000806252,16.64897,0.000280537,0.32102966,12.458813,228.44545,30.136415,-0.112936996,-0.1913445,-0.000002299,30.246817,8.131102562,0.158217713,1,11,0.5,0.866025404,0.18822671,0.982125606,0.040771458
12-01-2024,0.17743704,0.000751889,15.987334,0.000298354,0.26763916,11.616155,228.63416,30.168562,-0.055646837,-0.16050792,5.93E-07,30.027592,8.134113312,0.163340076,1,12,0.5,0.866025404,0.2051045,0.97874008,0.042504016
13-01-2024,0.17957099,0.000714885,15.62376,0.000310442,0.1783657,11.500887,228.83379,30.181719,-0.039878882,-0.041220747,-3.88E-07,29.939589,8.135074615,0.165150805,1,13,0.5,0.866025404,0.221921513,0.975064532,0.042664845
14-01-2024,0.17940068,0.000712401,15.508762,0.000311118,-0.034101486,11.790163,229.00392,30.032705,-0.001827383,0.004370095,-2.39E-07,29.94251,8.134845734,0.165006411,1,14,0.5,0.866025404,0.238672766,0.971100052,0.04323623
15-01-2024,0.17830117,0.000727818,15.312218,0.000294507,-0.1971798,11.521025,229.08377,29.78346,0.043628715,0.07963251,8.26E-07,29.86388,8.136137962,0.164073715,1,15,0.5,0.866025404,0.255353295,0.966847814,0.044869483
16-01-2024,0.17129251,0.000803418,15.424613,0.000274318,-0.3054123,11.965145,229.0978,29.433924,0.038075052,0.14174613,1.08E-06,29.89119,8.136273384,0.158107848,1,16,0.5,0.866025404,0.271958158,0.962309077,0.048983678
17-01-2024,0.16588934,0.000910391,15.489485,0.00025779,-0.7154846,12.5235615,229.13875,29.066256,0.050607473,0.14789152,1.27E-06,29.97193,8.135972977,0.153484178,1,17,0.5,0.866025404,0.288482433,0.957485188,0.055913277
18-01-2024,0.16130872,0.000961232,15.536584,0.000260526,-0.6151142,12.822854,229.16124,28.948324,0.09469662,0.078758985,1.71E-06,30.017805,8.136332512,0.149547576,1,18,0.5,0.866025404,0.304921225,0.952377576,0.059854556
19-01-2024,0.16027895,0.000962168,15.536926,0.000295627,-0.6293602,13.014322,229.08788,29.012032,0.08457247,0.0925251,1.36E-06,30.111002,8.13558197,0.14866045,1,19,0.5,0.866025404,0.321269662,0.946987753,0.059610415
20-01-2024,0.16037694,0.000939839,15.418803,0.000246986,-0.58885,12.886675,229.12614,29.389513,0.043322448,0.030726166,-2.39E-06,30.215942,8.134104729,0.148744901,1,20,0.5,0.866025404,0.3375229,0.941317318,0.058666464
21-01-2024,0.15573306,0.000878295,15.396354,0.000225946,-0.44158363,12.894978,229.16995,29.596766,0.12277642,-0.075535595,1.51E-08,30.267506,8.132771492,0.144734827,1,21,0.5,0.866025404,0.353676122,0.935367949,0.055422947
22-01-2024,0.15319002,0.000792817,15.164796,0.000224964,-0.45412636,12.871713,229.00482,29.847387,0.04597678,-0.060673922,-8.50E-07,30.336123,8.130945206,0.142532033,1,22,0.5,0.866025404,0.369724543,0.929141411,0.053300463
23-01-2024,0.15072452,0.000742729,14.932861,0.000223482,-0.5001869,12.730977,228.93921,29.980103,0.042579412,-0.0756792,-7.51E-07,30.356443,8.129973412,0.140391761,1,23,0.5,0.866025404,0.385663406,0.922639549,0.051557399
24-01-2024,0.14890999,0.000707299,14.807512,0.000291264,-0.44121742,12.667015,228.92088,30.025902,0.049883556,-0.08590895,-3.00E-07,30.196018,8.13160038,0.138813658,1,24,0.5,0.866025404,0.401487989,0.915864288,0.051557399
25-01-2024,0.15423985,0.000691811,14.679764,0.000417482,-0.5198841,12.611756,228.847,30.090055,0.06772021,-0.039473325,-1.78E-06,30.155392,8.131958008,0.143441989,1,25,0.5,0.866025404,0.417193603,0.908817637,0.051997833
26-01-2024,0.15822372,0.000679764,14.519727,0.000245128,-0.47232437,12.608518,228.82903,30.19561,0.026431797,-0.12574637,1.96E-07,30.210718,8.131018639,0.146887556,1,26,0.5,0.866025404,0.432775593,0.901501684,0.05273563
27-01-2024,0.15145214,0.000665729,14.261053,0.000212431,-0.45742035,12.765433,228.7486,30.308455,0.059660614,-0.0970242,-4.00E-07,30.351845,8.128978729,0.141023876,1,27,0.5,0.866025404,0.448229342,0.893918597,0.050208479
28-01-2024,0.14603876,0.000653037,14.0581875,0.00020517,-0.42587852,12.836862,228.75154,30.388414,0.001237265,-0.043402348,-5.44E-07,30.463625,8.127318382,0.13631144,1,28,0.5,0.866025404,0.463550271,0.886070622,0.048110001
29-01-2024,0.14169712,0.000642463,13.93117,0.000197939,-0.43569565,12.823964,228.80594,30.404533,-0.01840686,-0.028177153,-2.20E-07,30.474855,8.127035141,0.132515857,1,29,0.5,0.866025404,0.47873384,0.877960085,0.047159903
30-01-2024,0.13838239,0.0006378,13.812819,0.000189776,-0.37166595,12.885771,228.79916,30.425344,-0.015091224,-0.006635129,-6.25E-07,30.460806,8.127269745,0.129608299,1,30,0.5,0.866025404,0.49377555,0.869589389,0.045400001
31-01-2024,0.13558114,0.000636017,13.723075,0.000181937,-0.4593506,12.94938,228.75285,30.42291,-0.007984998,0.04842175,-8.23E-07,30.471624,8.127356529,0.127144538,1,31,0.5,0.866025404,0.508670944,0.860961016,0.044702992
01-02-2024,0.13278681,0.000631874,13.697809,0.00017256,-0.3647194,12.952968,228.74066,30.443104,-0.012590347,0.02604465,-1.36E-06,30.44359,8.127827644,0.1246808,2,32,0.866025404,0.5,0.523415607,0.852077521,0.042890001
02-02-2024,0.13064747,0.000625643,13.556858,0.000167997,-0.4220581,12.967922,228.63638,30.451008,0.01073759,-0.016665675,-7.59E-07,30.426563,8.128023148,0.122790451,2,33,0.866025404,0.5,0.538005172,0.842941537,0.042890001
03-02-2024,0.12950313,0.000621633,13.195966,0.000168441,-0.41947174,13.020172,228.37276,30.413927,-0.07451272,-0.01457922,-8.74E-07,30.414312,8.128121376,0.121777828,2,34,0.866025404,0.5,0.552435313,0.833555772,0.042890001
04-02-2024,0.12833156,0.000618282,12.902479,0.000156485,-0.37195778,13.045884,228.12286,30.359877,0.023986682,-0.08937241,-1.77E-06,30.465963,8.12753582,0.120740046,2,35,0.866025404,0.5,0.566701756,0.823923006,0.042890001
05-02-2024,0.12667246,0.000615142,12.728649,0.000148526,-0.44693947,13.093328,227.93866,30.172646,-0.012121363,-0.039634146,-5.06E-07,30.530495,8.126903534,0.119268563,2,36,0.866025404,0.5,0.580800273,0.814046094,0.042285621
06-02-2024,0.12502795,0.000617738,12.602387,0.000142433,-0.25424194,13.235793,227.68312,30.014965,0.08105343,-0.1443599,-2.95E-07,30.811974,8.123707771,0.11780788,2,37,0.866025404,0.5,0.594726687,0.803927962,0.040835362
07-02-2024,0.12406626,0.000638595,12.38426,0.000144735,-0.20698547,13.489728,227.20216,29.839888,-0.006351023,-0.05444743,5.39E-07,31.163631,8.119662285,0.1169527,2,38,0.866025404,0.5,0.60847687,0.793571609,0.04063433
08-02-2024,0.1235998,0.000665034,12.140591,0.000134002,-0.42653847,13.562536,226.79391,29.969976,-0.026382122,-0.053486973,-1.06E-06,31.09383,8.120502472,0.116537638,2,39,0.866025404,0.5,0.622046748,0.782980104,0.041060381
09-02-2024,0.12251044,0.000671667,11.853158,0.000131173,-0.6601219,13.407538,226.42691,30.115032,0.09249889,-0.019564146,-6.83E-07,30.909788,8.122642517,0.115567641,2,40,0.866025404,0.5,0.635432301,0.772156584,0.042179417
10-02-2024,0.12039849,0.000663702,11.773331,0.00012857,-0.7666397,13.246454,226.33022,30.131233,0.090679295,-0.039203737,-4.85E-07,30.81127,8.123788834,0.113684417,2,41,0.866025404,0.5,0.648629561,0.761104259,0.043307595
11-02-2024,0.117700145,0.000659337,11.991085,0.000122943,-0.6689396,13.138702,226.63719,30.021437,0.12597789,-0.0967769,6.72E-08,30.88296,8.122834206,0.111273132,2,42,0.866025404,0.5,0.661634618,0.749826401,0.042690385
12-02-2024,0.11541669,0.000659267,12.228526,0.000120042,-0.54021454,13.059356,226.98886,29.9355,0.0839057,-0.06793662,1.44E-06,31.055445,8.120759964,0.109228048,2,43,0.866025404,0.5,0.674443619,0.738326354,0.040955983
13-02-2024,0.11371779,0.000661575,12.236632,0.0001169,-0.4422016,13.064186,226.98329,29.902933,0.06406953,-0.0740283,3.39E-07,31.133856,8.12005806,0.107703779,2,44,0.866025404,0.5,0.687052767,0.726607525,0.041121278
14-02-2024,0.11184248,0.000665473,12.077691,0.000112374,-0.6411381,13.187459,226.69527,29.856546,0.08417492,-0.07616632,4.10E-07,31.191406,8.119391441,0.106018531,2,45,0.866025404,0.5,0.699458327,0.714673386,0.041373577
15-02-2024,0.110161014,0.000673227,11.8539095,0.000109352,-0.6735649,13.333242,226.26204,29.763617,0.03272007,-0.108599834,-5.22E-07,31.200924,8.118784904,0.104505062,2,46,0.866025404,0.5,0.711656622,0.702527474,0.041467506
16-02-2024,0.109245755,0.000677623,11.59474,0.000105275,-0.7317829,13.405759,225.85046,29.5513,0.025110068,-0.11971816,1.41E-07,31.159803,8.119292259,0.103680284,2,47,0.866025404,0.5,0.723644038,0.690173388,0.041824445
17-02-2024,0.10826095,0.000672303,11.366652,0.00010065,-0.7177067,13.380935,225.57445,29.388702,0.07929491,-0.084113576,3.75E-07,30.9794,8.122563362,0.102792075,2,48,0.866025404,0.5,0.735417023,0.677614789,0.041534655
18-02-2024,0.1069464,0.000650172,11.311137,9.66E-05,-0.42532158,13.202375,225.63054,29.381544,0.13569291,-0.040354587,4.70E-07,30.804739,8.126346588,0.101605233,2,49,0.866025404,0.5,0.746972088,0.664855398,0.039581276
19-02-2024,0.10563757,0.000631953,11.387971,9.34E-05,-0.14763069,12.832243,225.85666,29.49203,0.20673421,-0.069557354,-1.56E-07,30.816082,8.12761116,0.100422155,2,50,0.866025404,0.5,0.758305808,0.651898996,0.039164875
20-02-2024,0.10471242,0.000618211,11.391825,9.29E-05,-0.018678665,12.395437,225.67451,29.715557,0.25805593,-0.074961215,-9.66E-07,30.914825,8.127085686,0.099585048,2,51,0.866025404,0.5,0.769414827,0.638749422,0.037335895
21-02-2024,0.10436338,0.000608017,11.224947,0.000092256,-0.64334106,11.973281,225.09842,29.797272,0.22610894,-0.12895344,-1.02E-06,31.187101,8.123970985,0.099269042,2,52,0.866025404,0.5,0.780295851,0.625410573,0.03696974
22-02-2024,0.10435497,0.000587402,10.9776,9.26E-05,-0.6681042,11.656979,224.43088,29.74925,0.26443642,-0.009449949,7.21E-07,31.420769,8.121141434,0.099261427,2,53,0.866025404,0.5,0.790945657,0.611886401,0.036761083
23-02-2024,0.10414087,0.000559225,10.59617,9.58E-05,-0.5330696,11.3623,223.7115,29.9199,0.1934522,-0.05161853,4.28E-07,31.654531,8.118189812,0.099067539,2,54,0.866025404,0.5,0.801361088,0.598180914,0.03651277
24-02-2024,0.10354451,0.000534811,10.302143,9.61E-05,-0.16420746,11.140401,223.55943,30.026094,0.1881626,0.024150342,7.96E-07,31.930902,8.114881516,0.098527281,2,55,0.866025404,0.5,0.811539059,0.584298174,0.036430001
25-02-2024,0.103266954,0.00051513,10.183939,9.10E-05,-0.17485046,11.066317,223.4962,30.212442,0.11619344,-0.05646551,4.31E-07,31.889011,8.115283012,0.098275736,2,56,0.866025404,0.5,0.821476553,0.570242293,0.036430001
26-02-2024,0.10299323,0.000499623,10.336381,0.000089047,-0.26984978,11.192385,223.40952,30.183298,0.15015799,-0.12682655,-9.94E-07,31.689726,8.117525101,0.098027602,2,57,0.866025404,0.5,0.831170626,0.556017437,0.037294023
27-02-2024,0.10198616,0.000487261,10.6413,8.73E-05,-0.39258575,11.444204,223.48203,30.02136,0.13062984,-0.068487935,7.57E-07,31.637983,8.118206024,0.097114152,2,58,0.866025404,0.5,0.840618406,0.541627821,0.038088918
28-02-2024,0.10050299,0.000483302,10.747153,8.48E-05,-0.5551338,11.5592165,223.41496,29.933342,0.16963719,-0.1675132,-5.16E-07,31.66057,8.117984772,0.095767339,2,59,0.866025404,0.5,0.849817092,0.527077709,0.037432265
29-02-2024,0.09899973,0.000485774,10.602926,8.07E-05,-0.4037094,11.439089,223.01495,29.778305,0.28575677,-0.15813373,1.04E-07,31.766464,8.116856575,0.09440043,2,60,0.866025404,0.5,0.858763958,0.512371412,0.036430001
01-03-2024,0.09787359,0.000488917,10.333733,7.66E-05,-0.29994392,11.236051,222.53902,29.661192,0.2000543,-0.08581118,-1.09E-06,31.830036,8.116071701,0.093375209,3,61,1,6.12E-17,0.867456355,0.497513289,0.036430001
02-03-2024,0.096814156,0.000486817,9.794302,7.34E-05,-0.00674057,10.853723,221.76573,29.71658,0.37841153,-0.18422906,1.54E-07,31.697218,8.118035316,0.092409756,3,62,1,6.12E-17,0.875891705,0.482507742,0.036430001
03-03-2024,0.09584509,0.000473399,8.554494,7.06E-05,0.3048172,9.965203,220.50772,29.957245,0.4891255,-0.18268652,-2.29E-06,31.635193,8.119335175,0.091525837,3,63,1,6.12E-17,0.88406751,0.467359217,0.03653368
04-03-2024,0.094928555,0.000453098,7.5563016,6.75E-05,0.3143139,9.189666,219.46255,29.582094,0.5534872,-0.24549249,7.18E-07,32.044796,8.11402607,0.090689115,3,64,1,6.12E-17,0.891981346,0.452072204,0.038088918
05-03-2024,0.093631215,0.000439921,6.7101417,6.41E-05,0.5911274,8.50087,218.4941,29.456394,0.65006626,-0.38943237,3.23E-06,32.49866,8.108696938,0.089503549,3,65,1,6.12E-17,0.89963087,0.436651232,0.0401063
06-03-2024,0.092375286,0.000434491,5.910022,6.14E-05,-0.0736351,7.7972107,217.51958,29.497969,0.51722604,-0.22862196,1.01E-06,32.813217,8.105080605,0.088354487,3,66,1,6.12E-17,0.907013813,0.421100871,0.041815236
07-03-2024,0.091391824,0.000451024,5.479206,6.06E-05,0.07254219,7.3616853,216.84746,29.713495,0.41604486,-0.24078707,1.50E-06,32.833282,8.104850769,0.087453784,3,67,1,6.12E-17,0.914127988,0.405425728,0.042547747
08-03-2024,0.0903515,0.000466605,4.941351,6.06E-05,0.09921646,6.840734,216.00775,30.12112,0.4702768,-0.17124796,-5.43E-07,32.64535,8.107892036,0.086500121,3,68,1,6.12E-17,0.920971288,0.38963045,0.044234633
09-03-2024,0.08947749,0.000472208,4.8746233,5.86E-05,0.010063171,6.7335944,215.75539,30.053688,0.42218688,-0.14436235,-2.34E-06,32.82255,8.106345177,0.085698214,3,69,1,6.12E-17,0.927541684,0.373719715,0.041743144
10-03-2024,0.08874268,0.000470476,4.811513,5.73E-05,-0.09109306,6.638661,215.51872,30.105833,0.40965423,-0.10158232,-2.74E-06,32.910904,8.105085373,0.085023526,3,70,1,6.12E-17,0.933837229,0.357698239,0.039129451
11-03-2024,0.0880396,0.000455831,4.7268205,5.67E-05,0.1038475,6.514789,215.27266,30.42534,0.31775737,-0.09493357,-2.01E-06,32.83197,8.105413437,0.084377545,3,71,1,6.12E-17,0.939856058,0.341570769,0.038419999
12-03-2024,0.0874879,0.000441626,4.863721,5.80E-05,0.31741142,6.5893145,215.07187,29.850838,0.32528543,-0.19314721,-1.67E-06,33.10308,8.101947784,0.083870357,3,72,1,6.12E-17,0.945596387,0.325342085,0.036944684
13-03-2024,0.08728749,0.00043027,4.4021606,5.85E-05,0.14710808,6.0931277,213.93407,29.448572,0.41791326,-0.16600758,3.34E-07,33.52651,8.097054482,0.083686053,3,73,1,6.12E-17,0.951056516,0.309016994,0.037263524
14-03-2024,0.08732178,0.000411664,3.2965746,6.02E-05,0.26348686,5.123568,212.68192,29.544603,0.41919473,-0.14047915,-5.93E-07,33.764614,8.094428062,0.08371759,3,74,1,6.12E-17,0.956234827,0.292600336,0.037081521
15-03-2024,0.09020796,0.000402911,2.5199797,6.86E-05,0.57712364,4.4508986,211.69366,29.630049,0.3187567,-0.122398555,1.03E-06,33.86225,8.093576431,0.086368467,3,75,1,6.12E-17,0.961129784,0.276096973,0.036761083
16-03-2024,0.099264205,0.000423111,1.7056823,8.10E-05,0.8915119,3.7710485,210.71681,29.694693,0.33540082,-0.20626394,-3.59E-07,34.070732,8.091596603,0.094641051,3,76,1,6.12E-17,0.965739938,0.259511797,0.038119413
17-03-2024,0.11423736,0.000475933,0.93613946,0.000104315,0.7425442,3.205915,210.01863,29.736649,0.28929192,-0.15638301,7.45E-08,34.11889,8.091197968,0.108170189,3,77,1,6.12E-17,0.970063922,0.242849722,0.042079668
18-03-2024,0.13374805,0.000553209,0.54003114,0.000139707,0.84417343,2.903405,209.40181,30.096197,0.27697077,-0.20436092,3.75E-07,34.32235,8.088464737,0.125529002,3,78,1,6.12E-17,0.974100455,0.226115686,0.048333708
19-03-2024,0.15376844,0.000614632,0.3400861,0.000180694,0.7540436,2.7653916,208.87206,29.873981,0.2141324,-0.21328251,3.99E-07,34.84158,8.081739426,0.143033489,3,79,1,6.12E-17,0.977848342,0.209314646,0.048477523
20-03-2024,0.18734802,0.000605579,0.17729522,0.000742082,0.34194946,2.6766732,208.5969,29.709423,0.1347075,-0.1363483,-2.34E-07,34.647373,8.083651543,0.171722266,3,80,1,6.12E-17,0.98130647,0.192451582,0.046117354
21-03-2024,0.1774642,0.000561074,0.14574593,0.005804678,0.13674164,2.6567473,208.30797,29.796999,0.25401875,0.04827478,-8.60E-07,33.98695,8.091729164,0.163363143,3,81,1,6.12E-17,0.984473817,0.17553149,0.045931835
22-03-2024,0.16954046,0.000564391,0.14621806,0.009572101,0.1890583,2.6496603,207.94714,29.922512,0.1858054,-0.107715085,-9.33E-07,33.911747,8.092767715,0.156610902,3,82,1,6.12E-17,0.987349442,0.158559385,0.043382738
23-03-2024,0.18048699,0.000599656,0.10448258,0.010199985,0.1674881,2.6058373,207.51357,29.910515,0.25396594,-0.049090706,1.88E-06,34.37682,8.086745262,0.165927057,3,83,1,6.12E-17,0.989932495,0.141540295,0.044781018
24-03-2024,0.19052993,0.000611497,0.073103555,0.008116789,0.18771935,2.5739768,207.28035,29.95231,0.22345786,-0.06745489,-4.30E-07,34.74106,8.081926346,0.174398527,3,84,1,6.12E-17,0.992222209,0.124479264,0.044982407
25-03-2024,0.19477192,0.000587147,0.060589157,0.005758366,0.529068,2.5539632,207.10774,30.004774,0.21935323,0.0547133,-6.32E-07,34.76021,8.082156181,0.177955305,3,85,1,6.12E-17,0.994217907,0.107381347,0.046198543
26-03-2024,0.19880745,0.000559528,0.056716096,0.003280672,0.71092033,2.5393693,207.09723,29.890884,0.10606693,-0.08960237,1.19E-06,34.75227,8.083024025,0.181327271,3,86,1,6.12E-17,0.995918996,0.09025161,0.049278233
27-03-2024,0.19445853,0.000569942,0.043743394,0.001871771,0.361948,2.5274255,206.96603,29.917524,0.22641446,-0.105598845,1.06E-06,34.778423,8.083157539,0.17769297,3,87,1,6.12E-17,0.997324973,0.07309513,0.050544191
28-03-2024,0.18970163,0.000580383,0.03144472,0.00193718,0.2790661,2.519941,206.67665,29.894773,0.21868367,-0.039191492,-4.73E-07,34.71075,8.083993912,0.173702545,3,88,1,6.12E-17,0.998435421,0.05591699,0.048476227
29-03-2024,0.1908844,0.000619109,0.026703266,0.002194843,0.45567703,2.5141652,206.2319,29.861845,0.3109531,-0.036248587,1.16E-06,34.813293,8.082852364,0.174696224,3,89,1,6.12E-17,0.999250011,0.038722281,0.047659133
30-03-2024,0.19149119,0.000656209,0.024612732,0.002958997,0.6766205,2.5091898,205.79544,30.621653,0.44052982,-0.092293575,3.01E-06,34.858765,8.082659721,0.175205623,3,90,1,6.12E-17,0.999768502,0.021516097,0.047398135
31-03-2024,0.19462599,0.000744928,0.021579953,0.003923833,0.82063293,2.5056622,205.27806,31.474102,0.33471796,-0.31776515,-1.78E-06,35.15751,8.078904152,0.177833157,3,91,1,6.12E-17,0.99999074,0.004303538,0.047241539
01-04-2024,0.19750677,0.000902201,0.020638082,0.004306745,0.59728813,2.5035408,204.6604,30.810043,0.45312998,-0.4217253,-1.55E-07,35.67887,8.071873665,0.180241704,4,92,0.866025404,-0.5,0.999916659,-0.012910296,0.047606934
02-04-2024,0.19851588,0.001012145,0.023901569,0.003386146,0.80228615,2.5020099,204.15399,30.836832,0.574794,-0.16426194,1.95E-06,35.92676,8.068896294,0.181084025,4,93,0.866025404,-0.5,0.999546281,-0.030120305,0.047963407
03-04-2024,0.20054923,0.001119893,0.027800435,0.001138259,0.5982704,2.506616,203.73967,31.599382,0.44722816,-0.10763427,-5.89E-08,36.32029,8.064200401,0.182779144,4,94,0.866025404,-0.5,0.998879716,-0.047321388,0.050093323
04-04-2024,0.17904672,0.001246676,0.052955277,0.000246169,0.5634937,2.5503306,203.13689,31.367872,0.30297893,-0.16543844,1.21E-06,36.8968,8.057064056,0.164706248,4,95,0.866025404,-0.5,0.997917161,-0.064508449,0.050224829
05-04-2024,0.16231237,0.001321599,0.09969238,0.00022063,0.7095928,2.6184795,202.53499,31.36668,0.20510833,-0.19650853,-1.39E-06,37.205437,8.053281784,0.150411443,4,96,0.866025404,-0.5,0.996658902,-0.081676395,0.050544191
06-04-2024,0.15129963,0.00135876,0.15663917,0.000206985,1.2038918,2.6846757,202.05737,30.97084,0.108973704,-0.2284557,1.24E-06,37.49477,8.050340652,0.140891417,4,97,0.866025404,-0.5,0.995105311,-0.098820139,0.051530719
07-04-2024,0.14187448,0.001400092,0.21585916,0.000191981,1.4880104,2.7501426,201.7572,30.650112,0.031277165,-0.24466975,1.07E-06,37.73916,8.047840118,0.132671193,4,98,0.866025404,-0.5,0.993256849,-0.1159346,0.053672601
08-04-2024,0.13588296,0.001487179,0.2881733,0.000183148,1.5593166,2.863144,201.55928,30.347351,-0.048122857,-0.260846,-2.84E-07,37.89514,8.0464468,0.127410287,4,99,0.866025404,-0.5,0.991114064,-0.133014707,0.053672601
09-04-2024,0.13018781,0.001538732,0.46439683,0.000180462,1.6022892,3.0602896,201.48433,30.470858,-0.012448859,-0.1551421,2.38E-06,38.017048,8.046193123,0.122383822,4,100,0.866025404,-0.5,0.98867759,-0.150055398,0.054679379
10-04-2024,0.12510404,0.001528742,0.76295316,0.000192614,1.1864891,3.3058608,201.7696,30.653793,-0.07613546,-0.14616257,1.91E-06,38.23285,8.044670105,0.117875511,4,101,0.866025404,-0.5,0.98594815,-0.167051626,0.054087155
11-04-2024,0.12418378,0.001479314,0.968227,0.000227489,1.198328,3.4745538,202.30185,30.78319,-0.059128683,-0.21336648,2.61E-07,38.35299,8.043607712,0.117057243,4,102,0.866025404,-0.5,0.982926552,-0.183998352,0.052296247
12-04-2024,0.13008416,0.0014556,1.0919869,0.000249568,1.4227333,3.5732024,202.49603,30.8798,0.006531942,-0.16858636,-0.000001736,38.513714,8.041760445,0.122292108,4,103,0.866025404,-0.5,0.979613692,-0.200890555,0.05258223
13-04-2024,0.13065028,0.0014269,1.2004462,0.00024848,1.6757069,3.6642895,202.53667,30.951015,0.004663629,-0.12310665,1.94E-07,38.781517,8.039013863,0.122792936,4,104,0.866025404,-0.5,0.976010551,-0.21772323,0.053581767
14-04-2024,0.13936017,0.00138042,1.1309716,0.000277552,1.7578964,3.6328628,202.82008,30.996656,0.012727594,-0.17549959,-9.54E-07,38.934162,8.037731171,0.13046685,4,105,0.866025404,-0.5,0.972118197,-0.23449139,0.04966135
15-04-2024,0.14961885,0.001378575,0.80639493,0.000288401,1.8401222,3.352247,202.79057,30.983307,0.044165228,-0.16308567,-1.21E-06,39.153194,8.035554886,0.139430453,4,106,0.866025404,-0.5,0.967937783,-0.251190064,0.04271397
16-04-2024,0.14745235,0.001392946,0.43484977,0.000248629,1.8998966,3.047219,202.25043,30.99536,0.08190438,-0.12247046,6.06E-07,39.338295,8.03352356,0.137544137,4,107,0.866025404,-0.5,0.963470549,-0.267814305,0.038910389
17-04-2024,0.16058557,0.001373934,0.17530772,0.00029245,1.5439243,2.8574374,201.79164,31.2203,0.09824267,-0.12420528,-1.26E-08,39.33288,8.033374786,0.148924679,4,108,0.866025404,-0.5,0.958717817,-0.284359187,0.038088918
18-04-2024,0.19568756,0.001363113,0.05326614,0.00067987,1.4693241,2.794003,201.50467,31.468811,0.09493341,-0.045132864,8.41E-07,39.264397,8.033585548,0.178721384,4,109,0.866025404,-0.5,0.953680997,-0.300819808,0.040609427
19-04-2024,0.1874452,0.001287059,0.017812494,0.005508688,1.3440838,2.7761075,200.87764,31.701342,0.11347056,-0.016525647,5.44E-07,39.19663,8.033964157,0.171804108,4,110,0.866025404,-0.5,0.94836158,-0.317191289,0.043253768
20-04-2024,0.16833664,0.001224785,0.013057613,0.016678385,1.0977802,2.7769787,200.14348,31.97353,0.11452929,-0.08500676,6.34E-07,39.073624,8.034463882,0.155581062,4,111,0.866025404,-0.5,0.942761143,-0.333468779,0.044877756
21-04-2024,0.16156633,0.001196562,0.014485436,0.031184858,1.0344276,2.79612,199.42227,32.068275,0.11619743,-0.094611675,4.34E-07,39.022396,8.033920288,0.149769379,4,112,0.866025404,-0.5,0.936881346,-0.349647455,0.047164407
22-04-2024,0.16460657,0.001160682,0.019226756,0.046126284,1.1702137,2.8293095,199.01978,32.100536,0.13281839,-0.10100078,1.59E-07,39.139637,8.032186508,0.152383322,4,113,0.866025404,-0.5,0.930723931,-0.365722523,0.050472811
23-04-2024,0.17578466,0.001112137,0.028560035,0.056795023,1.5659924,2.8625436,198.76965,32.060448,0.16402245,-0.024491405,-9.15E-07,39.47043,8.029294014,0.16193572,4,114,0.866025404,-0.5,0.924290722,-0.38168922,0.05124357
24-04-2024,0.18036959,0.001074461,0.0232033,0.0676384,1.2425404,2.905192,198.55498,31.945131,0.15279496,-0.07708355,-9.52E-09,39.7448,8.027017593,0.165827601,4,115,0.866025404,-0.5,0.917583626,-0.397542814,0.050417759
25-04-2024,0.17755456,0.001049979,0.019813705,0.08129898,1.3358364,2.9622526,198.19936,31.88431,0.1826726,-0.026339296,7.13E-07,39.996143,8.024914742,0.163439881,4,116,0.866025404,-0.5,0.91060463,-0.413278608,0.048600968
26-04-2024,0.174676,0.001017071,0.018771237,0.09208653,1.3348713,3.0050828,197.90549,31.999626,0.15646906,0.040138885,-5.46E-08,40.39391,8.021718979,0.160992365,4,117,0.866025404,-0.5,0.903355802,-0.428891938,0.049867216
27-04-2024,0.17334944,0.000995587,0.018267358,0.09984808,1.2041454,3.0328174,197.64726,32.328842,0.14745675,0.06301143,-2.95E-07,40.653187,8.019615173,0.159862428,4,118,0.866025404,-0.5,0.895839291,-0.444378178,0.05124357
28-04-2024,0.1732856,0.00100024,0.0180488,0.10709809,1.2472496,3.0611386,197.33272,32.4811,0.18823647,0.12215467,-6.94E-07,40.765205,8.018715858,0.159808018,4,119,0.866025404,-0.5,0.888057323,-0.459732739,0.05124357
29-04-2024,0.17182548,0.001016024,0.016790356,0.11333027,1.2381477,3.089867,197.06013,32.289234,0.13146631,0.100313805,-2.49E-07,40.737755,8.01928997,0.158562772,4,120,0.866025404,-0.5,0.880012204,-0.474951072,0.05124357
30-04-2024,0.16687734,0.001018749,0.013811951,0.119164996,1.371439,3.1106908,196.78568,32.07978,0.21104538,0.1962373,8.63E-08,40.664154,8.020241737,0.154331241,4,121,0.866025404,-0.5,0.871706319,-0.490028666,0.049457952
01-05-2024,0.16422074,0.000985426,0.013576057,0.1250013,1.3646393,3.1300745,196.4122,31.874119,0.10986072,0.25870627,-4.64E-07,40.749775,8.019626617,0.152051971,5,122,0.5,-0.866025404,0.863142128,-0.504961055,0.049571194
02-05-2024,0.16218294,0.00093059,0.012043344,0.13086645,1.2870274,3.151329,196.18568,31.608229,0.18612635,0.13175939,5.61E-07,40.80924,8.019082069,0.150300081,5,123,0.5,-0.866025404,0.85432217,-0.519743812,0.050422601
03-05-2024,0.1622103,0.000887142,0.014804101,0.13584858,1.3373775,3.1640244,195.89612,31.486568,0.15027772,0.22508195,2.20E-06,40.904327,8.018230438,0.150323623,5,124,0.5,-0.866025404,0.845249057,-0.534372558,0.051029999
04-05-2024,0.16342251,0.000845064,0.015258506,0.13750966,1.3586521,3.178084,195.8436,31.46127,0.12465781,0.12541743,3.73E-07,41.021584,8.017342567,0.151366101,5,125,0.5,-0.866025404,0.835925479,-0.548842958,0.050046328
05-05-2024,0.16030599,0.000832862,0.012341185,0.14073128,1.1574326,3.1938035,195.90819,31.601841,0.22874197,0.0722271,2.10E-06,40.92743,8.018352509,0.148683755,5,126,0.5,-0.866025404,0.826354199,-0.563150724,0.048110001
06-05-2024,0.1571274,0.000822327,0.012003829,0.1440145,0.9939232,3.188951,195.88791,31.673782,0.28138128,0.11443888,-4.21E-07,40.743946,8.020195007,0.145940555,5,127,0.5,-0.866025404,0.816538051,-0.577291617,0.0478376
07-05-2024,0.15828308,0.000789538,0.016802568,0.1427708,0.80992126,3.1815357,196.07838,31.865294,0.16354007,0.025842935,1.27E-06,40.537357,8.022378922,0.146938805,5,128,0.5,-0.866025404,0.806479946,-0.591261445,0.049687628
08-05-2024,0.17112607,0.00077939,0.03484273,0.14004035,0.11735344,3.182362,196.52745,31.803537,0.38278767,0.15247707,-2.93E-06,40.250446,8.024995804,0.157965739,5,129,0.5,-0.866025404,0.796182864,-0.60505607,0.051800005
09-05-2024,0.20460804,0.00077667,0.05147268,0.13527009,0.42821312,3.1785488,197.262,32.03749,0.25423604,0.10549209,-8.64E-07,40.39479,8.023305893,0.186154236,5,130,0.5,-0.866025404,0.785649855,-0.618671403,0.052735928
10-05-2024,0.22470698,0.000776759,0.046976313,0.13110049,0.81788254,3.1721535,197.8078,31.771496,0.3178473,-0.067405105,-1.92E-06,40.956593,8.017586708,0.202701615,5,131,0.5,-0.866025404,0.774884041,-0.632103411,0.052701127
11-05-2024,0.22232305,0.000773989,0.038176645,0.12910813,0.68543243,3.1673295,197.95921,31.92602,0.43205535,0.10862994,-3.46E-06,41.06607,8.016782761,0.200753188,5,132,0.5,-0.866025404,0.763888613,-0.645348113,0.050569985
12-05-2024,0.21917643,0.000786869,0.038956102,0.12750131,0.8745613,3.1624901,198.25186,31.816643,0.433259,0.14939909,-8.96E-07,40.70273,8.02107811,0.198175573,5,133,0.5,-0.866025404,0.752666828,-0.658401585,0.048821688
13-05-2024,0.21258712,0.000805452,0.056436677,0.11869691,1.0480213,3.1587615,198.67516,31.514532,0.54176056,0.08994564,-4.66E-06,40.45862,8.024013519,0.192756193,5,134,0.5,-0.866025404,0.741222011,-0.671259958,0.047485296
14-05-2024,0.20865665,0.000830496,0.07544303,0.109837666,1.2940407,3.1548593,198.89325,31.334677,0.5486045,0.14357907,-1.24E-06,40.591328,8.022615433,0.189509536,5,135,0.5,-0.866025404,0.729557554,-0.683919422,0.045366667
15-05-2024,0.2095375,0.00084881,0.078830995,0.11041397,1.4650974,3.1483448,198.93091,31.411743,0.46749735,0.027264433,-7.15E-07,40.73302,8.021438599,0.190238055,5,136,0.5,-0.866025404,0.717676914,-0.696376226,0.044943079
16-05-2024,0.20461927,0.000841511,0.05875275,0.11369204,1.5398026,3.1423059,198.72823,31.585114,0.4236281,-0.077541426,5.74E-08,40.637806,8.02280426,0.186163559,5,137,0.5,-0.866025404,0.70558361,-0.708626678,0.044425361
17-05-2024,0.20841084,0.000830336,0.04366627,0.11545663,1.432888,3.141855,198.36574,31.90029,0.43193236,-0.103580445,4.15E-07,40.486908,8.024428368,0.189306141,5,138,0.5,-0.866025404,0.693281227,-0.72066715,0.042774256
18-05-2024,0.21117382,0.000837915,0.030032046,0.117035635,1.4954967,3.1547763,198.22823,32.32879,0.41272196,-0.10579112,-1.04E-06,40.25449,8.026901245,0.191589989,5,139,0.5,-0.866025404,0.680773409,-0.732494072,0.041815236
19-05-2024,0.20154442,0.000874598,0.026825538,0.11833359,1.6222191,3.1917882,198.22563,32.302917,0.39022037,-0.03513834,2.51E-07,40.219627,8.027264595,0.183607746,5,140,0.5,-0.866025404,0.668063864,-0.74410394,0.041815236
20-05-2024,0.19557999,0.00092845,0.03392472,0.117248796,1.563158,3.2122645,198.38153,31.954895,0.50164306,-0.05366967,1.25E-06,40.376995,8.025424957,0.178631415,5,141,0.5,-0.866025404,0.655156357,-0.755493314,0.040122971
21-05-2024,0.20541145,0.000990041,0.05360765,0.10869221,1.6163425,3.2036939,198.77826,32.210033,0.5416682,-0.057276856,-7.57E-08,40.5834,8.023705482,0.186820961,5,142,0.5,-0.866025404,0.642054713,-0.766658819,0.038218219
22-05-2024,0.1987686,0.001019195,0.061203696,0.09207906,1.7065277,3.2013211,199.04358,31.985306,0.416595,-0.34296748,-1.18E-06,40.94984,8.020385742,0.181294863,5,143,0.5,-0.866025404,0.628762815,-0.777597147,0.036918774
23-05-2024,0.17576511,0.000994828,0.072866604,0.073430024,1.9460602,3.210712,198.67412,31.480814,0.35131264,-0.15034711,5.69E-07,41.05506,8.018756866,0.161919093,5,144,0.5,-0.866025404,0.6152846,-0.788305056,0.036504041
24-05-2024,0.24510725,0.000937269,0.17123443,0.035189386,1.857523,3.2380571,198.37587,31.346067,0.17928398,0.065938294,1.22E-06,41.034615,8.018265724,0.219221671,5,145,0.5,-0.866025404,0.601624063,-0.798779373,0.038338471
25-05-2024,0.37380263,0.000844578,0.37040114,0.002450823,1.6029625,3.3177829,197.73767,31.446552,-0.013873235,0.20010774,5.22E-07,41.05119,8.017601967,0.317582537,5,146,0.5,-0.866025404,0.587785252,-0.809016994,0.041996539
26-05-2024,0.45640397,0.000721926,0.18208128,0.00817154,0.7344761,3.448608,197.18459,32.046043,0.27059263,0.23760828,-3.29E-06,40.660683,8.020424843,0.375970363,5,147,0.5,-0.866025404,0.573772268,-0.819014887,0.050578132
27-05-2024,0.34785855,0.000698788,0.05442885,0.03110618,0.45768166,3.6398344,196.408,32.064205,0.064096145,-0.04608577,7.58E-07,39.776455,8.027765274,0.298517074,5,148,0.5,-0.866025404,0.559589262,-0.828770087,0.064981647
28-05-2024,0.2650027,0.000700701,0.02597744,0.037581086,0.52433777,3.686648,196.37329,31.974438,0.030642938,-0.02206535,1.39E-06,39.614475,8.029463768,0.235074257,5,149,0.5,-0.866025404,0.545240439,-0.838279705,0.066173606
29-05-2024,0.19274618,0.000714992,0.012916978,0.038743053,0.5776634,3.6447446,196.47437,31.885342,0.05865006,0.019158585,-1.03E-07,39.734478,8.028546333,0.176258363,5,150,0.5,-0.866025404,0.530730048,-0.847540923,0.05374755
30-05-2024,0.15780258,0.000747548,0.013687595,0.039292485,0.65611076,3.592826,196.42387,31.741976,0.03516115,0.053162176,1.38E-06,39.893974,8.027269363,0.146523881,5,151,0.5,-0.866025404,0.516062391,-0.856550996,0.046524066
31-05-2024,0.14914154,0.000807791,0.021174772,0.036874317,0.73337936,3.564339,196.41792,31.556393,0.061787125,-0.023641799,5.50E-07,39.999084,8.02657032,0.139015177,5,152,0.5,-0.866025404,0.501241813,-0.865307254,0.044982407
01-06-2024,0.15116847,0.000876426,0.022446986,0.0323277,0.8537388,3.5490966,196.43726,31.340694,0.11478409,0.015013107,3.43E-08,40.12478,8.025683403,0.140777487,6,153,1.22E-16,-1,0.486272707,-0.873807104,0.044893954
02-06-2024,0.15170768,0.00093797,0.016918307,0.026042236,0.8924618,3.5486286,196.48862,31.117523,0.0829201,-0.005084265,6.36E-07,40.25715,8.024768829,0.14124578,6,154,1.22E-16,-1,0.471159508,-0.882048025,0.043157894
03-06-2024,0.160569,0.001026952,0.014861736,0.017014032,0.8337898,3.6102633,196.58884,30.93906,0.096735924,-0.051611938,4.28E-07,40.236626,8.025090218,0.148910402,6,155,1.22E-16,-1,0.455906694,-0.890027576,0.044029731
04-06-2024,0.18187371,0.001134073,0.026699234,0.008033982,0.8679066,3.7404237,196.83493,30.818886,0.10506634,-0.026985493,7.69E-07,40.16039,8.025850296,0.167101069,6,156,1.22E-16,-1,0.440518784,-0.897743394,0.044700962
05-06-2024,0.20625384,0.001256518,0.089793,0.000889011,1.1116714,3.9184763,197.03735,30.746235,0.10926398,0.003834725,1.12E-06,40.297707,8.024663925,0.187519557,6,157,1.22E-16,-1,0.42500034,-0.90519319,0.044764448
06-06-2024,0.14520667,0.001385985,0.27495393,0.000206279,1.1519623,4.1317735,196.64839,30.686604,0.0896594,-0.02756127,-4.71E-09,40.396656,8.023736,0.135585119,6,158,1.22E-16,-1,0.409355959,-0.912374758,0.04276938
07-06-2024,0.117803596,0.001585837,0.47380447,0.000154004,0.9680233,4.277921,196.69261,30.699984,0.13105468,-0.13996635,6.09E-08,40.16129,8.025889397,0.111365685,6,159,1.22E-16,-1,0.393590277,-0.91928597,0.042504016
08-06-2024,0.1036089,0.002115156,0.65639114,0.000113621,0.9128876,4.334847,196.38109,30.6362,0.14256851,-0.037004787,-2.24E-07,39.98655,8.027601242,0.098585628,6,160,1.22E-16,-1,0.377707965,-0.925924777,0.042809159
09-06-2024,0.09295928,0.002428097,0.88233405,8.04E-05,0.9057617,4.3535957,196.14366,30.520586,0.025608292,-0.004606223,3.98E-08,39.810658,8.02989769,0.088888953,6,161,1.22E-16,-1,0.361713731,-0.932289213,0.041416131
10-06-2024,0.08691896,0.002563199,1.0590783,6.59E-05,0.9526291,4.3503237,196.0022,30.36444,0.04732338,-0.039034568,-5.34E-09,39.5814,8.032720566,0.083347052,6,162,1.22E-16,-1,0.345612313,-0.938377392,0.038802508
11-06-2024,0.085204005,0.002675088,1.1426957,7.75E-05,0.84972,4.3295794,196.14906,30.209305,0.031067686,-0.008599307,1.92E-07,39.385426,8.034984589,0.081767992,6,163,1.22E-16,-1,0.329408482,-0.944187509,0.039056972
12-06-2024,0.085612185,0.002639688,1.2021356,9.32E-05,0.8492794,4.3043356,196.21988,30.025295,-0.022134151,0.042664215,-1.21E-07,39.1153,8.037920952,0.082144054,6,164,1.22E-16,-1,0.313107041,-0.949717843,0.039509896
13-06-2024,0.08727319,0.002469693,1.2379714,0.000102778,0.85964394,4.293713,196.26727,29.701445,-0.119862385,0.015742758,3.87E-07,38.905598,8.040530205,0.083672901,6,165,1.22E-16,-1,0.296712819,-0.954966755,0.036933169
14-06-2024,0.08941356,0.002281175,1.2381092,8.67E-05,0.84580994,4.2845883,196.44673,29.304403,-0.06899412,-0.034454398,4.74E-07,38.778168,8.042163849,0.085639533,6,166,1.22E-16,-1,0.280230675,-0.95993269,0.03381123
15-06-2024,0.090665445,0.002137781,1.2133312,6.57E-05,0.9018574,4.267531,196.7668,28.973091,-0.13049652,0.030034253,5.95E-07,38.753185,8.042554855,0.08678801,6,167,1.22E-16,-1,0.263665493,-0.964614176,0.031964399
16-06-2024,0.08907131,0.001981784,1.2147901,6.23E-05,0.94462776,4.280686,196.70296,28.966965,-0.15655886,-0.005076707,3.00E-08,38.837177,8.042149544,0.085325324,6,168,1.22E-16,-1,0.24702218,-0.969009826,0.031003641
17-06-2024,0.08778829,0.001941266,1.2142106,6.11E-05,0.92528915,4.2944984,196.60345,28.984028,-0.02180915,-0.015470401,8.40E-07,38.869865,8.042089462,0.084146543,6,169,1.22E-16,-1,0.23030567,-0.973118337,0.030084567
18-06-2024,0.08793984,0.001938554,1.1763153,6.46E-05,0.80818176,4.2860255,196.77168,29.252205,-0.005254942,0.001088433,3.00E-07,38.809002,8.042481422,0.084285853,6,170,1.22E-16,-1,0.213520915,-0.976938493,0.030084567
19-06-2024,0.08829556,0.001891146,1.1457804,9.12E-05,0.8724251,4.298271,196.87955,29.63691,-0.13008444,-0.026943736,2.03E-07,38.699158,8.043151855,0.084612766,6,171,1.22E-16,-1,0.19667289,-0.98046916,0.030750023
20-06-2024,0.09012372,0.001867248,1.1321455,0.000135833,0.66913223,4.307723,196.73026,29.920622,-0.09992924,-0.14394374,5.73E-07,38.41677,8.044576645,0.086291194,6,172,1.22E-16,-1,0.179766586,-0.983709294,0.031571202
21-06-2024,0.09226103,0.001917049,1.1421938,9.69E-05,0.481287,4.344625,196.64003,30.418522,-0.22390737,-0.018470304,-2.39E-06,38.23666,8.044942856,0.088249887,6,173,1.22E-16,-1,0.162807013,-0.986657933,0.031648256
22-06-2024,0.090683766,0.001976078,1.1668515,6.35E-05,0.42897797,4.412701,196.636,30.789692,-0.12094573,0.10003102,1.86E-07,38.50276,8.041701317,0.086804808,6,174,1.22E-16,-1,0.145799197,-0.989314204,0.031172656
23-06-2024,0.08866122,0.002012552,1.172967,5.90E-05,0.5337753,4.4542627,196.66447,30.39397,-0.10636933,0.07809483,2.15E-07,38.745182,8.038841248,0.084948703,6,175,1.22E-16,-1,0.128748177,-0.99167732,0.032310791
24-06-2024,0.08700352,0.002044948,1.1878812,0.00005754,0.6862011,4.4946504,196.66444,30.115492,-0.08511061,0.046594962,6.96E-07,38.81655,8.038129807,0.083424846,6,176,1.22E-16,-1,0.111659007,-0.99374658,0.032731373
25-06-2024,0.08558669,0.002087141,1.2159771,5.56E-05,1.0048218,4.5585504,196.64525,29.953346,-0.11838023,0.091239326,5.57E-07,39.06169,8.03578949,0.082120569,6,177,1.22E-16,-1,0.09453675,-0.995521372,0.033641335
26-06-2024,0.084860556,0.001924297,1.2241361,5.86E-05,1.0949211,4.634057,196.6506,29.973845,-0.15779774,0.19510195,7.73E-07,39.0644,8.035359383,0.081451459,6,178,1.22E-16,-1,0.077386479,-0.99700117,0.036167055
27-06-2024,0.086045444,0.001645413,1.1499255,6.25E-05,0.99897003,4.6274137,197.09305,30.195942,0.008492269,0.20052215,1.11E-07,38.825054,8.037504196,0.082543066,6,179,1.22E-16,-1,0.060213277,-0.998185534,0.038890276
28-06-2024,0.08864653,0.001507471,1.0251017,7.15E-05,0.9247608,4.5884166,197.84012,30.337318,-0.004842042,0.039636835,1.27E-08,38.80079,8.03769207,0.084935209,6,180,1.22E-16,-1,0.043022233,-0.999074115,0.039366551
29-06-2024,0.09032077,0.001432394,0.9581581,8.09E-05,0.8217392,4.5761404,197.9778,30.411446,0.06480266,0.018762203,-1.43E-07,38.837723,8.037267685,0.086471937,6,181,1.22E-16,-1,0.02581844,-0.999666649,0.04155067
30-06-2024,0.09619053,0.001362184,0.8722768,0.000143099,0.6706333,4.5573845,198.3357,30.3866,0.09573377,0.011822347,-3.42E-08,38.80675,8.037584305,0.091841015,6,182,1.22E-16,-1,0.008606997,-0.999962959,0.046212699
01-07-2024,0.109477185,0.001353018,0.78242844,0.000187441,0.5056381,4.549759,198.84712,30.304909,0.11420594,-0.08652188,-5.89E-08,38.68585,8.038556099,0.1038889,7,183,-0.5,-0.866025404,-0.008606997,-0.999962959,0.049081743
02-07-2024,0.13155636,0.001362261,0.82605517,0.000290826,0.36369705,4.562175,198.45952,30.153797,0.0989147,-0.053105902,1.93E-07,38.50472,8.040088654,0.123593995,7,184,-0.5,-0.866025404,-0.02581844,-0.999666649,0.050066974
03-07-2024,0.1802969,0.001339338,1.2177224,0.000186979,0.3195839,4.5476336,198.30835,30.004845,0.053101324,0.009078351,-5.06E-07,38.353626,8.041976929,0.165766017,7,185,-0.5,-0.866025404,-0.043022233,-0.999074115,0.052231658
04-07-2024,0.1870666,0.001311933,2.0223722,0.000210356,0.3795452,4.4660482,198.43938,29.887285,0.08717884,0.001855261,-7.04E-09,38.400925,8.042038918,0.171485222,7,186,-0.5,-0.866025404,-0.060213277,-0.998185534,0.051352728
05-07-2024,0.22484979,0.001304567,3.6651528,0.000292201,0.38257027,4.297837,199.07634,29.759327,0.09493603,-0.023854086,1.70E-07,38.506226,8.04123497,0.202818216,7,187,-0.5,-0.866025404,-0.077386479,-0.99700117,0.048135571
06-07-2024,0.22597733,0.001289972,4.6747966,0.000302986,0.397398,4.1885815,199.48499,29.682276,0.10502071,0.001824748,-4.34E-07,38.53859,8.041323662,0.203738346,7,188,-0.5,-0.866025404,-0.09453675,-0.995521372,0.047548324
07-07-2024,0.1740407,0.001288591,3.7525496,0.000207711,0.5670681,4.339603,199.24207,29.726294,0.033529077,0.14023577,-9.90E-08,38.649277,8.040685654,0.160451389,7,189,-0.5,-0.866025404,-0.111659007,-0.99374658,0.048881482
08-07-2024,0.13444051,0.001311942,2.674083,0.000133533,0.61805534,4.590315,198.88766,30.013071,0.025598206,0.08454043,3.74E-07,38.815342,8.03877449,0.126139587,7,190,-0.5,-0.866025404,-0.128748177,-0.99167732,0.048504718
09-07-2024,0.12296543,0.001341431,2.571657,0.000117785,0.63368225,4.614074,198.83784,30.385654,0.101941764,0.025440196,-2.48E-07,38.900307,8.037304878,0.115972892,7,191,-0.5,-0.866025404,-0.145799197,-0.989314204,0.048110001
10-07-2024,0.1222383,0.00137772,3.1302211,0.000139955,0.7024555,4.469365,198.91315,30.46894,0.13073102,0.034960434,-2.35E-07,38.9049,8.036911964,0.115325173,7,192,-0.5,-0.866025404,-0.162807013,-0.986657933,0.048110001
11-07-2024,0.12980652,0.001414644,4.1595755,0.00020014,0.59259415,4.2673626,199.05196,30.229603,0.13066947,0.032598514,-6.26E-07,38.785057,8.0376091,0.122046397,7,193,-0.5,-0.866025404,-0.179766586,-0.983709294,0.049644396
12-07-2024,0.14493372,0.001468915,5.7511597,0.000276612,0.5138626,4.024032,199.36145,29.930788,0.11397705,0.001268098,-1.15E-07,38.63072,8.038113594,0.135346749,7,194,-0.5,-0.866025404,-0.19667289,-0.98046916,0.05466735
13-07-2024,0.15466641,0.001515276,6.465854,0.000371831,0.37997818,3.98311,199.6828,29.734407,0.08601797,0.011499602,3.36E-07,38.465473,8.039291382,0.14381148,7,195,-0.5,-0.866025404,-0.213520915,-0.976938493,0.058949769
14-07-2024,0.13494423,0.001547636,5.0652566,0.000155331,0.57377625,4.5072536,199.65198,29.567806,0.047973465,0.21974449,-1.80E-06,38.52897,8.038872719,0.126583513,7,196,-0.5,-0.866025404,-0.23030567,-0.973118337,0.062215686
15-07-2024,0.10717833,0.001560972,2.8795936,8.88E-05,0.55753326,5.301671,199.21266,30.231243,0.08391074,0.17338158,8.44E-07,38.62083,8.037424088,0.101814734,7,197,-0.5,-0.866025404,-0.24702218,-0.969009826,0.06080284
16-07-2024,0.09722832,0.001618334,2.034381,0.00007313,0.64076805,5.6277623,199.03778,30.75441,-0.030214533,0.094857804,8.16E-07,38.40944,8.039657593,0.092787291,7,198,-0.5,-0.866025404,-0.263665493,-0.964614176,0.055826172
17-07-2024,0.09356956,0.00180947,1.8250492,6.87E-05,0.9560547,6.060493,198.96394,30.989048,-0.09312452,0.11059421,-1.55E-06,37.87516,8.04545784,0.089447171,7,199,-0.5,-0.866025404,-0.280230675,-0.95993269,0.049791571
18-07-2024,0.092867024,0.001870278,1.403459,7.03E-05,0.8814678,6.57528,199.26146,31.295984,-0.02747127,0.30651417,3.68E-07,37.74461,8.046801567,0.08880454,7,200,-0.5,-0.866025404,-0.296712819,-0.954966755,0.044741698
19-07-2024,0.09522979,0.001786409,1.0531051,0.000075768,0.79427147,6.54097,199.58498,31.483856,-0.07509344,0.1866663,-8.20E-08,37.999664,8.044139862,0.090964195,7,201,-0.5,-0.866025404,-0.313107041,-0.949717843,0.042890001
20-07-2024,0.098432645,0.001744979,0.86312765,8.31E-05,0.7733822,6.456387,199.77959,31.563158,0.015763246,0.12911254,-4.54E-07,38.35346,8.040127754,0.093884296,7,202,-0.5,-0.866025404,-0.329408482,-0.944187509,0.042672884
21-07-2024,0.10423022,0.00174611,0.7416411,0.000106252,0.75642014,6.483285,199.95828,31.539616,-0.014637453,0.10511002,5.54E-08,38.359566,8.040145874,0.099148459,7,203,-0.5,-0.866025404,-0.345612313,-0.938377392,0.042504016
22-07-2024,0.10620014,0.001746289,0.7000402,0.000119002,0.6542187,6.4768734,199.5869,31.533186,-0.011811617,0.10230459,-7.96E-07,38.141594,8.042490959,0.100930845,7,204,-0.5,-0.866025404,-0.361713731,-0.932289213,0.042793505
23-07-2024,0.11024533,0.001736064,0.68876123,0.000152575,0.5504246,6.493746,199.25732,31.52564,-0.022681084,0.069243364,-1.17E-06,37.970295,8.043745041,0.104581009,7,205,-0.5,-0.866025404,-0.377707965,-0.925924777,0.044371843
24-07-2024,0.11257063,0.001756608,0.75760823,0.000127159,0.5801239,6.721841,199.1337,31.426409,-0.074477084,0.06548438,-1.34E-06,37.85447,8.044006348,0.106673221,7,206,-0.5,-0.866025404,-0.393590277,-0.91928597,0.045400001
25-07-2024,0.10830609,0.001987669,0.8918447,0.000231506,0.550066,7.0751038,198.65031,31.247017,-0.14455898,-0.016864305,-1.26E-06,37.86057,8.040747643,0.102832805,7,207,-0.5,-0.866025404,-0.409355959,-0.912374758,0.045841776
26-07-2024,0.13382338,0.002389109,1.068505,0.000148418,0.4822235,7.262187,198.47311,31.124382,-0.165771,0.09442088,1.92E-08,37.76917,8.03818512,0.125595444,7,208,-0.5,-0.866025404,-0.42500034,-0.90519319,0.053663932
27-07-2024,0.13852333,0.002631239,1.145823,0.00013889,0.5128212,7.20733,198.66605,30.835094,-0.29684404,0.24059859,-4.49E-07,36.763355,8.049416542,0.129732098,7,209,-0.5,-0.866025404,-0.440518784,-0.897743394,0.062173415
28-07-2024,0.117554106,0.00278856,1.0178182,9.40E-05,0.6085949,6.9580135,198.80255,30.061907,-0.30977127,0.19620028,-4.98E-07,35.381947,8.068192482,0.111142463,7,210,-0.5,-0.866025404,-0.455906694,-0.890027576,0.051087093
29-07-2024,0.14865169,0.00290685,1.5840999,0.000118402,0.40852737,6.825068,199.4426,28.767076,-0.14232652,-0.012121128,-2.46E-07,34.932114,8.074602127,0.138588811,7,211,-0.5,-0.866025404,-0.471159508,-0.882048025,0.048110001
30-07-2024,0.1730724,0.003044449,2.3340547,0.000148605,0.30547142,6.747636,200.19505,25.645025,-0.09959032,-0.09127658,5.30E-07,35.29163,8.069588661,0.15962629,7,212,-0.5,-0.866025404,-0.486272707,-0.873807104,0.046886303
31-07-2024,0.19163978,0.003059911,3.1484025,0.000388897,0.2568493,6.6352587,200.90932,23.608595,-0.030604765,-0.06645414,3.49E-07,35.38889,8.069029808,0.175330325,7,213,-0.5,-0.866025404,-0.501241813,-0.865307254,0.04728625
01-08-2024,0.29721776,0.002902987,5.1108527,0.000693159,0.16941261,6.5012956,202.21484,24.80854,0.06354057,-0.096628696,-5.07E-07,35.5008,8.068074226,0.260221786,8,214,-0.866025404,-0.5,-0.516062391,-0.856550996,0.055667341
02-08-2024,0.45038754,0.002856093,7.963893,0.000458026,0.15429115,6.1878114,204.0032,25.389101,-0.02039587,0.03164718,4.82E-07,35.874958,8.063102722,0.37183079,8,215,-0.866025404,-0.5,-0.530730048,-0.847540923,0.060686085
03-08-2024,0.51622224,0.002670384,10.777705,0.00053372,0.16630554,5.8035784,205.40451,25.919373,-0.063316934,0.07005999,4.98E-07,35.833767,8.064599991,0.416221873,8,216,-0.866025404,-0.5,-0.545240439,-0.838279705,0.05731415
04-08-2024,0.51531816,0.002518134,12.413174,0.000728743,0.18222618,5.3551254,206.09077,26.199343,-0.14842974,0.016389973,1.84E-06,35.87369,8.064414024,0.415625424,8,217,-0.866025404,-0.5,-0.559589262,-0.828770087,0.053040128
05-08-2024,0.5377726,0.002390573,14.740694,0.00124219,0.1378212,4.8080173,207.33757,26.844938,-0.070511304,-0.018752972,1.27E-06,36.075867,8.061228752,0.430335006,8,218,-0.866025404,-0.5,-0.573772268,-0.819014887,0.052572373
06-08-2024,0.62075084,0.002103607,17.967215,0.001257861,0.16201401,4.261287,209.05005,28.260303,-0.13162015,0.2158372,-5.11E-06,35.89462,8.064862251,0.482889523,8,219,-0.866025404,-0.5,-0.587785252,-0.809016994,0.05273864
07-08-2024,0.59724647,0.001892728,19.100906,0.001206649,0.14049149,3.9555726,209.62738,30.568672,-0.02033074,0.19364221,-5.78E-06,36.31416,8.060115814,0.46828119,8,220,-0.866025404,-0.5,-0.601624063,-0.798779373,0.054004889
08-08-2024,0.535558,0.001759802,18.830215,0.000939356,0.06577873,3.8220055,209.9576,30.854586,0.07346328,0.14220294,-3.01E-06,37.05817,8.050432205,0.428893833,8,221,-0.866025404,-0.5,-0.6152846,-0.788305056,0.057335578
09-08-2024,0.46928978,0.001702345,18.806387,0.000751635,0.087207794,3.704117,210.13042,30.58364,-0.03185131,0.129963,-2.51E-06,37.250557,8.048493385,0.384779141,8,222,-0.866025404,-0.5,-0.628762815,-0.777597147,0.058652632
10-08-2024,0.42165047,0.001740938,19.115746,0.000632943,0.24577522,3.5599744,210.17499,30.063196,-0.057271652,0.12524901,-0.000001004,37.24261,8.048997879,0.351818499,8,223,-0.866025404,-0.5,-0.642054713,-0.766658819,0.05552787
11-08-2024,0.3799262,0.001827137,19.199621,0.000573073,0.35596657,3.4880002,210.0338,28.433224,-0.13544796,0.14801815,3.95E-06,37.085873,8.051669121,0.322030019,8,224,-0.866025404,-0.5,-0.655156357,-0.755493314,0.050685693
12-08-2024,0.3466289,0.001981193,19.058886,0.000550617,0.4463272,3.561991,209.69997,26.45046,-0.13753428,0.1437453,4.90E-06,36.73314,8.056768417,0.297604358,8,225,-0.866025404,-0.5,-0.668063864,-0.74410394,0.047099233
13-08-2024,0.3360945,0.002286949,19.36178,0.000639113,0.36289597,3.6224456,209.2754,24.334394,-0.11944054,0.02447505,2.73E-06,36.13534,8.062975883,0.289750806,8,226,-0.866025404,-0.5,-0.680773409,-0.732494072,0.045941956
14-08-2024,0.3514648,0.002738993,19.840242,0.00075713,0.47172356,3.614988,209.0041,23.032011,-0.09752981,-0.03858451,9.87E-07,35.29586,8.071685791,0.301189041,8,227,-0.866025404,-0.5,-0.693281227,-0.72066715,0.044891849
15-08-2024,0.3973547,0.003146696,20.68374,0.001058054,0.33961296,3.679635,209.10382,22.702517,-0.063676216,-0.04544698,7.34E-07,34.199924,8.085460663,0.334580949,8,228,-0.866025404,-0.5,-0.70558361,-0.708626678,0.044051971
16-08-2024,0.509961,0.003386562,22.67814,0.001176504,0.26786995,3.7774358,210.69528,23.766674,-0.006601824,-0.1424933,-1.86E-07,33.32732,8.095851898,0.412083823,8,229,-0.866025404,-0.5,-0.717676914,-0.696376226,0.045357112
17-08-2024,0.6573697,0.003500817,23.856096,0.001355364,0.2487278,3.6781814,212.47145,23.98236,-0.001245369,-0.027379014,2.47E-07,32.379948,8.10341835,0.505231828,8,230,-0.866025404,-0.5,-0.729557554,-0.683919422,0.046600375
18-08-2024,0.6275139,0.003354432,22.383333,0.001746327,0.1877594,3.5712087,212.40952,25.023994,-0.03689414,-0.071209766,4.32E-07,31.753546,8.106588364,0.487053636,8,231,-0.866025404,-0.5,-0.741222011,-0.671259958,0.048760414
19-08-2024,0.55944395,0.003206513,20.016745,0.001355481,0.12724304,3.545152,212.34793,25.803667,0.002314977,-0.11188932,3.62E-07,31.532274,8.099888802,0.444329315,8,232,-0.866025404,-0.5,-0.752666828,-0.658401585,0.053522445
20-08-2024,0.4531379,0.003065963,17.934572,0.000971973,0.19030762,3.464012,212.17708,25.833893,0.04492297,0.004886199,4.14E-07,31.640667,8.093033791,0.373725287,8,233,-0.866025404,-0.5,-0.763888613,-0.645348113,0.054531965
21-08-2024,0.36748198,0.002954444,16.980717,0.000762255,0.14258766,3.425124,211.81558,25.993565,0.008933326,-0.033375718,4.97E-07,31.790476,8.091353416,0.312971078,8,234,-0.866025404,-0.5,-0.774884041,-0.632103411,0.050097473
22-08-2024,0.33356237,0.002862663,16.734966,0.000722869,0.13485146,3.4552374,211.5106,26.219585,0.01864295,-0.03048331,1.96E-07,31.685831,8.091357231,0.287853835,8,235,-0.866025404,-0.5,-0.785649855,-0.618671403,0.048515696
23-08-2024,0.33035904,0.00280455,16.125834,0.000939752,0.00910759,3.46922,211.15512,26.340311,-0.013054605,-0.043024745,5.12E-07,31.242987,8.091943741,0.285448861,8,236,-0.866025404,-0.5,-0.796182864,-0.60505607,0.052637231
24-08-2024,0.34071317,0.002685549,14.416967,0.0014983,-0.12215996,3.4005902,210.62453,26.379156,0.117949694,-0.057725035,-7.40E-08,31.089373,8.089470863,0.293201689,8,237,-0.866025404,-0.5,-0.806479946,-0.591261445,0.06093464
25-08-2024,0.37059307,0.002520891,12.719,0.001368243,-0.2035656,3.3660574,210.87833,26.44411,-0.04164377,0.040525597,-9.87E-07,31.287357,8.086803436,0.315243544,8,238,-0.866025404,-0.5,-0.816538051,-0.577291617,0.063818336
26-08-2024,0.33306518,0.002484647,11.59492,0.000680971,-0.29387856,3.3664062,211.60619,26.276539,-0.13290551,-0.042973895,-9.89E-08,31.38092,8.084161758,0.287480937,8,239,-0.866025404,-0.5,-0.826354199,-0.563150724,0.062980093
27-08-2024,0.2593855,0.002497991,11.16578,0.000510588,-0.13052368,3.3460164,211.75244,26.17845,-0.07397915,0.05784571,1.73E-07,31.386366,8.082982063,0.230623904,8,240,-0.866025404,-0.5,-0.835925479,-0.548842958,0.057759412
28-08-2024,0.20749326,0.002548943,11.762073,0.000369269,0.38757515,3.4044697,211.50345,26.14409,-0.19511212,0.24596852,-3.84E-07,32.028603,8.079374313,0.188546525,8,241,-0.866025404,-0.5,-0.845249057,-0.534372558,0.050134417
29-08-2024,0.17587018,0.002559016,12.40213,0.00029193,0.22461128,3.5113719,211.01381,26.302109,-0.3362499,0.20989041,4.97E-07,32.835587,8.077487946,0.162008452,8,242,-0.866025404,-0.5,-0.85432217,-0.519743812,0.045100853
30-08-2024,0.14762239,0.002530852,12.099038,0.000211895,0.22660828,3.6128185,209.97739,26.87451,-0.26225212,0.23782055,1.35E-06,33.48004,8.077374458,0.137692315,8,243,-0.866025404,-0.5,-0.863142128,-0.504961055,0.042568348
31-08-2024,0.12862998,0.002485293,11.337109,0.000158593,0.3272438,3.7032783,209.01727,28.03593,-0.22800136,0.19017357,-1.19E-06,34.14149,8.074043274,0.12100449,8,244,-0.866025404,-0.5,-0.871706319,-0.490028666,0.042881958
01-09-2024,0.12134029,0.002459347,11.034123,0.000139091,0.51893044,3.7790174,208.50597,28.581444,-0.23669828,0.12699567,-1.38E-06,34.634037,8.069724083,0.114524657,9,245,-1,-1.84E-16,-0.880012204,-0.474951072,0.041238029
02-09-2024,0.11440981,0.002462477,10.911055,0.000123325,0.7762356,3.8272145,208.00151,28.36136,-0.14344057,0.14825778,-2.48E-06,35.12448,8.064935684,0.108324946,9,246,-1,-1.84E-16,-0.888057323,-0.459732739,0.041173477
03-09-2024,0.110620536,0.002479716,11.269891,0.000108716,1.0540295,3.8768988,207.70709,27.517414,-0.19351143,0.10960962,1.28E-07,35.508507,8.062364578,0.104918901,9,247,-1,-1.84E-16,-0.895839291,-0.444378178,0.040092092
04-09-2024,0.111357726,0.00250241,12.280652,0.000105192,1.2694016,3.91572,207.85544,26.91136,-0.22415169,0.027282724,2.06E-07,36.00881,8.057718277,0.105582444,9,248,-1,-1.84E-16,-0.903355802,-0.428891938,0.039163683
05-09-2024,0.10996081,0.002469228,12.92513,0.000101129,1.3674068,3.9552124,207.82309,26.961603,-0.2749269,0.00939984,1.58E-06,36.455647,8.053125381,0.104324708,9,249,-1,-1.84E-16,-0.91060463,-0.413278608,0.039163683
06-09-2024,0.10486412,0.002296769,12.510811,9.01E-05,0.92113686,4.014657,207.196,29.39087,-0.23051696,0.21707393,-1.60E-07,36.397324,8.054820061,0.099722359,9,250,-1,-1.84E-16,-0.917583626,-0.397542814,0.040483207
07-09-2024,0.09956617,0.002128358,11.08129,8.24E-05,0.8753166,4.0817847,206.38301,29.840967,-0.10924499,0.3245383,-7.81E-07,36.388157,8.055416107,0.094915711,9,251,-1,-1.84E-16,-0.924290722,-0.38168922,0.043476418
08-09-2024,0.09570146,0.002021658,9.878544,7.79E-05,0.8856087,4.1209273,205.61674,28.891264,-0.14765307,0.22616632,-3.89E-07,36.721073,8.051561356,0.091394761,9,252,-1,-1.84E-16,-0.930723931,-0.365722523,0.043664534
09-09-2024,0.09375577,0.001968359,9.2495365,7.07E-05,0.930254,4.1344905,205.05118,28.365253,-0.018155139,0.057034407,-8.74E-07,37.006443,8.048095703,0.089617434,9,253,-1,-1.84E-16,-0.936881346,-0.349647455,0.043307595
10-09-2024,0.09209775,0.001996025,8.972439,7.02E-05,0.95318985,4.1368394,204.46834,28.05599,-0.054065082,-0.014513238,4.99E-07,37.218967,8.044834137,0.088100388,9,254,-1,-1.84E-16,-0.942761143,-0.333468779,0.042703215
11-09-2024,0.09218244,0.002182733,9.266242,0.000103022,0.75009537,4.144592,204.21584,27.807247,-0.1202162,-0.018900149,-6.77E-07,37.072586,8.04383564,0.088177933,9,255,-1,-1.84E-16,-0.94836158,-0.317191289,0.04141387
12-09-2024,0.0959212,0.00265237,9.986969,0.000186278,0.5352211,4.1583505,204.06021,27.96207,-0.16906253,-0.096113235,-3.25E-07,36.472397,8.044657707,0.091595288,9,256,-1,-1.84E-16,-0.953680997,-0.300819808,0.043871444
13-09-2024,0.13721816,0.0031975,10.35444,0.00027902,0.13161659,4.172073,204.13812,26.110767,-0.2003956,0.027381795,-2.58E-06,34.97229,8.059597015,0.12858507,9,257,-1,-1.84E-16,-0.958717817,-0.284359187,0.048128627
14-09-2024,0.39089468,0.003469565,11.223955,0.000279817,-0.18582344,4.1777167,205.40173,22.406212,-0.04302136,0.002973901,-1.11E-07,33.009293,8.088776588,0.329947195,9,258,-1,-1.84E-16,-0.963470549,-0.267814305,0.050214607
15-09-2024,0.70726764,0.003466617,13.161439,0.000343577,-0.1829052,4.164473,207.17482,23.473885,-0.03550804,-0.10585235,-6.62E-07,32.634468,8.096149445,0.534894221,9,259,-1,-1.84E-16,-0.967937783,-0.251190064,0.048598055
16-09-2024,0.4854498,0.003431437,12.619654,0.000243288,0.007125855,4.1437526,207.09727,21.33016,-0.09810259,0.23513867,1.41E-06,33.08698,8.091171265,0.395717622,9,260,-1,-1.84E-16,-0.972118197,-0.23449139,0.045164619
17-09-2024,0.22205025,0.003347901,10.497675,0.000111074,0.32314682,4.17683,206.26752,20.212698,-0.17165229,0.12428033,4.50E-06,33.071007,8.0944767,0.200529981,9,261,-1,-1.84E-16,-0.976010551,-0.21772323,0.042468715
18-09-2024,0.1507642,0.003333919,9.585044,7.76E-05,0.8063507,4.220085,205.9522,20.329676,0.027201064,-0.24013309,7.80E-07,33.309486,8.094727516,0.140426243,9,262,-1,-1.84E-16,-0.979613692,-0.200890555,0.040303893
19-09-2024,0.12338794,0.003419082,8.975833,6.56E-05,1.1589546,4.3376555,205.63644,22.572489,-0.050364442,-0.21686368,-3.74E-07,33.81867,8.090100288,0.116349066,9,263,-1,-1.84E-16,-0.982926552,-0.183998352,0.04019649
20-09-2024,0.10715102,0.003448009,8.396766,5.56E-05,1.6550388,4.6166415,205.10875,22.978437,-0.15111622,-0.13196413,1.14E-06,33.98263,8.090267181,0.101790067,9,264,-1,-1.84E-16,-0.98594815,-0.167051626,0.039611757
21-09-2024,0.093690135,0.003338808,7.700607,5.29E-05,1.3658695,4.770421,204.83809,23.301136,-0.36578682,0.037007306,1.44E-07,33.326496,8.100818634,0.089557423,9,265,-1,-1.84E-16,-0.98867759,-0.150055398,0.039442077
22-09-2024,0.0880053,0.003259849,7.2723055,5.26E-05,1.8689175,4.9382715,204.63106,22.410532,-0.48280856,0.11228121,-3.98E-07,32.662014,8.108674049,0.08434602,9,266,-1,-1.84E-16,-0.991114064,-0.133014707,0.040085945
23-09-2024,0.08447864,0.002804753,6.5348287,5.73E-05,1.5202351,5.116488,204.11588,22.12144,-0.52629066,0.26401404,3.22E-07,32.89665,8.103960037,0.081099355,9,267,-1,-1.84E-16,-0.993256849,-0.1159346,0.046765517
24-09-2024,0.08319932,0.002273005,5.8366904,8.71E-05,1.0668163,5.2015653,203.47684,26.00453,-0.23260322,0.17226535,1.31E-06,34.500237,8.078066826,0.079918995,9,268,-1,-1.84E-16,-0.995105311,-0.098820139,0.056261227
25-09-2024,0.084624685,0.002108953,5.640026,0.000106427,0.49899483,5.0985575,203.34746,26.8528,-0.2904756,0.055360824,-9.65E-07,35.462093,8.061993599,0.081234015,9,269,-1,-1.84E-16,-0.996658902,-0.081676395,0.069135994
26-09-2024,0.08519602,0.002030177,5.3089037,0.00005461,0.52565,5.0868845,203.46228,22.549263,-0.45211503,-0.0266401,9.76E-07,34.622997,8.074448586,0.081760634,9,270,-1,-1.84E-16,-0.997917161,-0.064508449,0.06934756
27-09-2024,0.083786495,0.001892999,4.620141,4.90E-05,0.56386185,5.1645494,203.46625,18.51003,-0.22871898,-0.053673096,2.40E-06,34.059372,8.085585594,0.080460923,9,271,-1,-1.84E-16,-0.998879716,-0.047321388,0.053626802
28-09-2024,0.08262118,0.002004205,3.90698,4.72E-05,0.706995,5.202896,203.37585,17.339993,-0.106130406,-0.18164973,1.40E-06,33.83865,8.090242386,0.079385119,9,272,-1,-1.84E-16,-0.999546281,-0.030120305,0.048424341
29-09-2024,0.08172097,0.00248892,3.279626,4.49E-05,0.7579174,5.220948,203.16151,19.184166,0.08053198,-0.31988367,3.87E-06,33.69898,8.089390755,0.078553264,9,273,-1,-1.84E-16,-0.999916659,-0.012910296,0.066179626
30-09-2024,0.08119358,0.0031262,2.7152903,0.000044865,0.8192711,5.2431617,202.79617,20.689528,-0.074393936,-0.25541422,-3.20E-08,32.671406,8.104743004,0.078065598,9,274,-1,-1.84E-16,-0.99999074,0.004303538,0.054904796
02-10-2024,0.13962318,0.00427994,3.0170052,0.000122021,0.45173454,5.812761,202.069,12.979683,-0.390328,-0.2740441,-4.71E-07,29.854046,8.150457382,0.130697664,10,276,-0.866025404,0.5,-0.999250011,0.038722281,0.041960381
03-10-2024,0.17805496,0.003954854,3.7473342,0.00011904,0.09026718,5.936888,202.24623,14.872921,0.011772996,-0.06313713,4.03E-07,28.936275,8.166334152,0.163864739,10,277,-0.866025404,0.5,-0.998435421,0.05591699,0.042849708
04-10-2024,0.17215021,0.003359643,3.842801,9.95E-05,0.105472565,5.740178,202.82535,16.437319,0.100343205,-0.06811058,2.60E-07,29.884274,8.151450157,0.158839848,10,278,-0.866025404,0.5,-0.997324973,0.07309513,0.040698659
05-10-2024,0.18589342,0.003152675,4.7731795,0.000089057,0.16559792,5.6583953,203.44667,17.375278,0.087524444,-0.067078106,1.07E-06,31.649755,8.120657921,0.170496431,10,279,-0.866025404,0.5,-0.995918996,0.09025161,0.039927855
06-10-2024,0.14961319,0.002871649,4.123289,7.74E-05,0.16617775,5.3904634,203.20563,18.059938,0.102468506,0.13252811,-1.97E-06,32.6358,8.1062994,0.139425529,10,280,-0.866025404,0.5,-0.994217907,0.107381347,0.038419999
07-10-2024,0.11122135,0.002501025,2.949446,0.000056551,0.42375946,5.1687565,202.78854,18.21893,-0.063574314,0.12219801,3.48E-07,32.76503,8.107374191,0.105459726,10,281,-0.866025404,0.5,-0.992222209,0.124479264,0.037452295
08-10-2024,0.09665618,0.002689273,2.5761697,4.89E-05,0.7482052,5.1227775,202.7027,18.510233,-0.12544589,-0.06469745,1.94E-06,33.052727,8.100408554,0.092265714,10,282,-0.866025404,0.5,-0.989932495,0.141540295,0.036761083
09-10-2024,0.08918528,0.00303385,2.4504895,4.55E-05,0.74492645,5.096707,202.68265,19.497986,-0.027361643,-0.11476457,1.49E-07,32.815052,8.100635529,0.085429967,10,283,-0.866025404,0.5,-0.987349442,0.158559385,0.036761083
10-10-2024,0.083455,0.002933936,2.39255,4.38E-05,0.87433434,4.9941154,202.65776,21.07154,-0.11132756,-0.036131673,1.22E-06,31.125841,8.133111,0.080155009,10,284,-0.866025404,0.5,-0.984473817,0.17553149,0.037029356
11-10-2024,0.08032363,0.003006463,2.4059172,4.27E-05,1.0074654,5.064462,202.72977,22.84803,-0.36051142,-0.061744697,-2.45E-06,30.843557,8.137321472,0.077260654,10,285,-0.866025404,0.5,-0.98130647,0.192451582,0.037118781
12-10-2024,0.07911408,0.003025824,2.5353177,4.21E-05,1.1810627,5.5242424,202.91109,27.05682,-0.20203885,0.039945044,-6.09E-06,31.888645,8.116877556,0.076140408,10,286,-0.866025404,0.5,-0.977848342,0.209314646,0.036543578
13-10-2024,0.078546524,0.002878336,2.7320158,4.20E-05,1.3431816,6.357901,203.07639,27.12325,-0.2676735,0.3751252,-2.15E-06,32.382202,8.110977173,0.075614324,10,287,-0.866025404,0.5,-0.974100455,0.226115686,0.036545314
14-10-2024,0.078551605,0.002749456,3.048431,4.34E-05,1.3400288,7.876491,203.20427,26.727741,-0.27438655,0.12482016,-8.08E-07,32.74072,8.106495857,0.075619035,10,288,-0.866025404,0.5,-0.970063922,0.242849722,0.03884891
15-10-2024,0.07969344,0.002678088,3.492118,4.56E-05,1.4497185,9.329567,203.39383,26.105656,-0.13929573,0.052547574,-2.39E-06,33.488537,8.094482422,0.076677149,10,289,-0.866025404,0.5,-0.965739938,0.259511797,0.037462316
16-10-2024,0.08159221,0.002557864,3.7666168,4.68E-05,2.104683,9.595525,203.55223,26.129866,-0.17500363,0.003297307,6.02E-07,34.22818,8.083726883,0.078434224,10,290,-0.866025404,0.5,-0.961129784,0.276096973,0.036827501
17-10-2024,0.083489105,0.002442705,3.9708424,4.84E-05,2.0929813,10.185221,203.76839,25.816277,-0.1709104,-0.0995819,1.50E-06,34.828594,8.07597065,0.080186487,10,291,-0.866025404,0.5,-0.956234827,0.292600336,0.038412046
18-10-2024,0.088433936,0.002418665,4.541992,5.25E-05,1.998188,12.904804,204.3504,25.170336,-0.09876776,-0.123901345,2.76E-07,35.368183,8.068411827,0.084739907,10,292,-0.866025404,0.5,-0.951056516,0.309016994,0.038327672
19-10-2024,0.101809554,0.002340064,6.3771152,7.09E-05,1.8206825,18.694506,206.01413,24.916376,-0.34970945,-0.15935735,-4.85E-07,35.789806,8.063030243,0.096953877,10,293,-0.866025404,0.5,-0.945596387,0.325342085,0.038640033
20-10-2024,0.11740438,0.00226855,8.936136,0.000097901,1.8735523,23.963152,207.3009,28.140299,-0.28194693,-0.08935291,7.86E-08,36.735336,8.051037788,0.111008478,10,294,-0.866025404,0.5,-0.939856058,0.341570769,0.044887234
21-10-2024,0.1225351,0.002219621,9.965901,0.000108554,1.6882992,24.21445,206.96614,29.155033,-0.35860923,-0.056771394,-9.09E-07,37.57996,8.040518761,0.11558961,10,295,-0.866025404,0.5,-0.933837229,0.357698239,0.048222076
22-10-2024,0.110642634,0.001930416,7.5233226,9.26E-05,1.6296711,16.619783,205.11417,29.686169,-0.42258057,-0.008477348,9.31E-08,37.560406,8.043363571,0.104938797,10,296,-0.866025404,0.5,-0.927541684,0.373719715,0.042078234
23-10-2024,0.089075774,0.001354409,3.1627667,0.000142132,1.3007755,5.186938,203.1653,30.471903,-0.46684638,0.33903077,-6.69E-07,38.307224,8.039762497,0.085329423,10,297,-0.866025404,0.5,-0.920971288,0.38963045,0.040727589
24-10-2024,0.1548202,0.001077581,1.7341498,0.000241074,1.0737934,3.283713,202.77008,31.253065,-0.15258458,0.20601676,-1.75E-07,40.0975,8.022279739,0.143944661,10,298,-0.866025404,0.5,-0.914127988,0.405425728,0.047389708
25-10-2024,0.21892235,0.000999155,1.1770351,0.000147278,0.8313198,2.9948187,202.43082,31.12642,-0.112938546,0.19754165,-1.91E-06,40.64394,8.016025543,0.197967149,10,299,-0.866025404,0.5,-0.907013813,0.421100871,0.049847361
26-10-2024,0.18144725,0.000985226,1.0668312,0.000123749,0.68946266,2.9318397,202.17644,30.860458,-0.04481554,0.112957545,-5.68E-06,40.419044,8.018159866,0.16674017,10,300,-0.866025404,0.5,-0.89963087,0.436651232,0.045727041
27-10-2024,0.13709874,0.001004236,1.1385306,9.66E-05,0.65673447,2.9351764,202.03226,29.985554,0.2875257,0.07746736,-2.51E-06,40.315273,8.019373894,0.128480054,10,301,-0.866025404,0.5,-0.891981346,0.452072204,0.042504016
28-10-2024,0.11367982,0.001037009,1.2480952,7.62E-05,0.86263084,2.973635,201.99815,29.683235,0.14811955,0.08843819,-8.94E-07,40.10777,8.021840096,0.107669685,10,302,-0.866025404,0.5,-0.88406751,0.467359217,0.042737216
29-10-2024,0.099221714,0.001081111,1.3521103,6.42E-05,0.96866226,3.0480282,201.92647,29.574987,0.06597828,-0.05826409,-3.36E-07,39.415974,8.029348373,0.094602397,10,303,-0.866025404,0.5,-0.875891705,0.482507742,0.043674655
30-10-2024,0.090632126,0.001106849,1.4696026,5.73E-05,1.2928772,3.1182144,201.88434,29.495024,0.119390585,-0.08892165,-3.63E-07,38.770622,8.036543846,0.08675746,10,304,-0.866025404,0.5,-0.867456355,0.497513289,0.044982407
31-10-2024,0.08611678,0.001178775,1.5479527,5.41E-05,1.1417599,3.1623247,201.82564,29.80883,0.03081761,-0.15415876,-3.69E-07,37.961906,8.045303345,0.082608748,10,305,-0.866025404,0.5,-0.858763958,0.512371412,0.046300232
01-11-2024,0.08362816,0.001471253,1.6125197,5.27E-05,1.1204758,3.1978693,201.75871,30.07672,-0.03404308,-0.15068479,-9.25E-07,35.8189,8.070188522,0.080314818,11,306,-0.5,0.866025404,-0.849817092,0.527077709,0.046984218
02-11-2024,0.082470804,0.001651815,1.6584306,5.04E-05,0.8208084,3.231371,201.66544,29.745945,-0.17843966,-0.029798191,-4.59E-06,34.464916,8.088209152,0.07924621,11,307,-0.5,0.866025404,-0.840618406,0.541627821,0.046431966
03-11-2024,0.08215048,0.001497856,1.7141807,5.03E-05,0.47454643,3.309382,201.60815,28.725592,-0.25660092,0.14742449,1.01E-08,34.812286,8.083220482,0.078950247,11,308,-0.5,0.866025404,-0.831170626,0.556017437,0.044596422
04-11-2024,0.082434446,0.001319403,1.8016609,5.23E-05,0.60058975,3.4475567,201.5999,29.193512,-0.26015538,0.09588249,8.18E-07,35.513584,8.073377609,0.079212621,11,309,-0.5,0.866025404,-0.821476553,0.570242293,0.044878814
05-11-2024,0.08320914,0.001243613,1.9821925,5.61E-05,0.71957207,3.9668088,201.57889,29.658978,-0.21852627,-0.022670921,-9.72E-07,35.93935,8.067658424,0.079928061,11,310,-0.5,0.866025404,-0.811539059,0.584298174,0.047010705
06-11-2024,0.08704449,0.001128041,2.2996778,0.000061051,1.9899406,5.419219,201.71606,30.036787,-0.13952875,0.1695363,-2.88E-07,36.19945,8.065280914,0.083462536,11,311,-0.5,0.866025404,-0.801361088,0.598180914,0.044121567
07-11-2024,0.09244963,0.001046986,2.6747408,5.94E-05,1.9730072,7.2685738,202.0576,30.096544,-0.19273596,0.14922415,2.13E-07,36.365593,8.063631058,0.088422542,11,312,-0.5,0.866025404,-0.790945657,0.611886401,0.042504016
08-11-2024,0.094731495,0.001041725,2.8853965,5.95E-05,2.022583,8.324997,202.47583,30.102232,-0.21765365,0.10797811,-5.99E-07,36.73459,8.059148788,0.090509123,11,313,-0.5,0.866025404,-0.780295851,0.625410573,0.042504016
09-11-2024,0.09461391,0.001032896,2.8709893,6.30E-05,1.8650589,8.298894,202.69112,29.740314,-0.31567523,0.12926997,5.84E-07,37.156185,8.054306984,0.090401707,11,314,-0.5,0.866025404,-0.769414827,0.638749422,0.042380832
10-11-2024,0.093253046,0.001001668,2.4222264,0.000114524,1.7250862,6.479685,202.29855,30.324524,-0.30887285,0.22834668,-2.17E-06,37.439743,8.051152229,0.089157697,11,315,-0.5,0.866025404,-0.758305808,0.651898996,0.042893793
11-11-2024,0.09543821,0.00099218,2.3412542,7.87E-05,1.8594303,6.2305727,202.23642,30.456154,-0.29379413,0.19026753,-4.19E-06,37.627274,8.048764229,0.091154475,11,316,-0.5,0.866025404,-0.746972088,0.664855398,0.04493694
12-11-2024,0.09489899,0.001036168,2.5972056,0.000073148,1.6400185,7.417255,202.61507,29.208284,-0.3371846,0.16013207,-4.04E-06,37.57505,8.048329353,0.090662112,11,317,-0.5,0.866025404,-0.735417023,0.677614789,0.048752919
13-11-2024,0.09708005,0.001107432,3.000547,7.69E-05,1.4814968,9.192812,203.08842,26.784065,-0.5372255,0.29268932,-5.89E-06,37.265953,8.050951958,0.09265215,11,318,-0.5,0.866025404,-0.723644038,0.690173388,0.049083892
14-11-2024,0.1028126,0.001189986,3.8235478,7.91E-05,1.2986794,12.012882,203.91379,26.737398,-0.6128907,0.2748086,-1.27E-06,36.978386,8.0532341,0.097863826,11,319,-0.5,0.866025404,-0.711656622,0.702527474,0.048502311
15-11-2024,0.11353198,0.001359587,5.4752116,9.85E-05,0.9522915,16.954145,205.42761,27.168169,-0.5252235,0.2135359,-1.61E-06,36.66316,8.055458069,0.107536928,11,320,-0.5,0.866025404,-0.699458327,0.714673386,0.053241555
16-11-2024,0.13473098,0.001530623,8.329397,0.000146305,0.7674999,24.53671,207.73029,28.591793,-0.36341694,0.20652474,-2.02E-06,36.14095,8.060695648,0.126395601,11,321,-0.5,0.866025404,-0.687052767,0.726607525,0.058137394
17-11-2024,0.16086893,0.001579899,11.617006,0.000207271,0.7896099,32.101227,210.26723,29.871988,-0.21905994,0.2115474,-1.06E-06,35.3296,8.070567131,0.149168802,11,322,-0.5,0.866025404,-0.674443619,0.738326354,0.052049942
18-11-2024,0.1807103,0.001564462,13.982653,0.000256371,0.97701645,37.12517,212.32455,30.94916,-0.049471445,0.16335687,-1.43E-06,34.701588,8.078274727,0.166116207,11,323,-0.5,0.866025404,-0.661634618,0.749826401,0.047715146
19-11-2024,0.1916212,0.001468339,15.422707,0.000284683,1.1265583,39.831112,213.71672,31.093483,0.052819006,0.13463886,4.51E-07,34.65604,8.078796387,0.175314733,11,324,-0.5,0.866025404,-0.648629561,0.761104259,0.045218121
20-11-2024,0.1982146,0.001292813,16.311476,0.000301729,1.4198856,41.30791,214.58594,30.766964,0.08452962,0.06737649,2.88E-07,34.63595,8.079838753,0.180832616,11,325,-0.5,0.866025404,-0.635432301,0.772156584,0.04319223
21-11-2024,0.20033954,0.001250899,16.135708,0.000304966,0.9399967,41.1625,214.69371,30.076977,0.059158668,0.020721437,8.85E-07,34.490887,8.081884384,0.182604467,11,326,-0.5,0.866025404,-0.622046748,0.782980104,0.04283765
22-11-2024,0.20222776,0.001316422,15.753005,0.000306855,0.61097145,40.733536,214.70187,29.619827,0.054056916,0.021196825,3.10E-06,34.425056,8.082428932,0.184176302,11,327,-0.5,0.866025404,-0.60847687,0.793571609,0.04283765
23-11-2024,0.20109242,0.001338108,15.1536255,0.000302354,0.5078831,39.649506,214.53444,29.6869,0.027462283,0.06168974,5.23E-07,34.102043,8.086486816,0.183231493,11,328,-0.5,0.866025404,-0.594726687,0.803927962,0.043171003
24-11-2024,0.19986932,0.001377014,14.83106,0.000300905,0.4025364,38.890385,214.59572,29.974438,0.050636504,0.09661424,-9.97E-07,33.423878,8.09541893,0.182212651,11,329,-0.5,0.866025404,-0.580800273,0.814046094,0.043879915
25-11-2024,0.19887255,0.001451129,14.65736,0.000299517,0.45534515,38.308743,214.66759,30.239923,0.083551705,0.108913645,-1.11E-06,32.68872,8.105201721,0.181381573,11,330,-0.5,0.866025404,-0.566701756,0.823923006,0.043758463
26-11-2024,0.19813177,0.001537245,14.636108,0.00030536,0.49007607,38.09358,214.88153,30.348032,0.074725084,0.041635208,3.99E-07,31.877392,8.11579895,0.180763485,11,331,-0.5,0.866025404,-0.552435313,0.833555772,0.045463108
27-11-2024,0.19701365,0.001586347,14.519905,0.000310711,0.72424126,37.82227,215.12819,30.417542,0.067820884,0.018012704,7.03E-07,31.291317,8.122696877,0.17982983,11,332,-0.5,0.866025404,-0.538005172,0.842941537,0.045373902
28-11-2024,0.20118977,0.001583232,14.228112,0.000384744,0.8928089,37.596107,215.15866,30.499557,0.054748654,0.03304223,6.69E-07,31.336496,8.121207237,0.183312541,11,333,-0.5,0.866025404,-0.523415607,0.852077521,0.045199905
29-11-2024,0.21034223,0.00157653,14.120888,0.000379844,0.9128628,37.94521,215.09235,30.52233,0.028376698,0.03959433,1.19E-06,31.616188,8.117283821,0.190903154,11,334,-0.5,0.866025404,-0.508670944,0.860961016,0.045313001
30-11-2024,0.20968544,0.001583399,14.206219,0.000328175,0.94314003,38.555458,215.0242,30.61801,0.024031065,0.04820668,1.92E-07,31.960806,8.112915993,0.190360359,11,335,-0.5,0.866025404,-0.49377555,0.869589389,0.044197753
01-12-2024,0.20152093,0.001570082,13.784329,0.000304758,0.9439335,38.176826,214.54504,30.79668,0.010093018,0.15746689,-1.88E-06,32.30207,8.108519554,0.183588196,12,336,-2.45E-16,1,-0.47873384,0.877960085,0.043344092
02-12-2024,0.19460732,0.001529476,12.909353,0.000314068,0.9927292,36.98421,213.9796,30.942581,-0.033248443,0.13338742,-2.55E-07,32.488888,8.106212616,0.177817529,12,337,-2.45E-16,1,-0.463550271,0.886070622,0.042271864
03-12-2024,0.19043785,0.001495291,12.344505,0.000291568,1.0239372,36.033447,213.73332,30.997252,0.001503828,0.18967646,-1.76E-06,32.63585,8.104186058,0.174321181,12,338,-2.45E-16,1,-0.448229342,0.893918597,0.041164778
04-12-2024,0.18901674,0.001463983,11.561364,0.000281206,2.119934,34.70729,213.26495,30.822796,-0.07711937,0.22732972,3.39E-07,32.828934,8.101597786,0.173126697,12,339,-2.45E-16,1,-0.432775593,0.901501684,0.039634202
05-12-2024,0.1872908,0.001442525,10.701014,0.000282131,1.8659706,33.838207,212.8357,30.478487,0.008603558,0.19613416,3.44E-07,32.856144,8.101284027,0.171674073,12,340,-2.45E-16,1,-0.417193603,0.908817637,0.038434904
06-12-2024,0.18898933,0.001434583,10.750185,0.000299129,1.6298656,35.133366,213.06512,30.215729,0.11875157,0.21345378,-1.53E-07,32.57326,8.105000496,0.173103644,12,341,-2.45E-16,1,-0.401487989,0.915864288,0.038419999
07-12-2024,0.19139159,0.001474143,11.373128,0.000317511,1.2448845,36.395874,213.72307,29.910027,0.095816225,0.25161874,-2.35E-06,32.189896,8.110111237,0.175122027,12,342,-2.45E-16,1,-0.385663406,0.922639549,0.038554136
08-12-2024,0.18581507,0.001552492,10.617644,0.000310902,0.82832146,34.059475,213.76909,29.48849,0.078151785,0.15237866,1.42E-07,32.035168,8.112220764,0.170430361,12,343,-2.45E-16,1,-0.369724543,0.929141411,0.038777698
09-12-2024,0.17441843,0.001631601,8.880234,0.000296371,0.5316391,29.40413,213.21762,29.047277,0.117568314,0.14345637,2.48E-06,31.839872,8.114963531,0.160773072,12,344,-2.45E-16,1,-0.353676122,0.935367949,0.038777698
10-12-2024,0.15876518,0.001708579,7.1177464,0.000262872,0.463377,24.965744,212.63107,28.853773,-0.004893696,0.12987259,-3.96E-07,31.619457,8.118266106,0.147354938,12,345,-2.45E-16,1,-0.3375229,0.941317318,0.039375134
11-12-2024,0.14381787,0.001729194,5.114912,0.000221273,0.8643265,19.86248,211.83586,28.874107,-0.10793366,0.08170024,-1.02E-07,31.530472,8.119651794,0.134371676,12,346,-2.45E-16,1,-0.321269662,0.946987753,0.040569998
12-12-2024,0.13769504,0.001715094,3.820228,0.0002076,0.7775135,16.114218,211.0781,28.830858,-0.06966153,0.018784655,-2.12E-07,31.62525,8.118293762,0.129004321,12,347,-2.45E-16,1,-0.304921225,0.952377576,0.040569998
13-12-2024,0.13733646,0.001674457,2.854308,0.000217626,0.62400436,12.737283,210.19946,28.628075,-0.098754786,0.07074303,3.35E-07,31.768747,8.116116524,0.12868909,12,348,-2.45E-16,1,-0.288482433,0.957485188,0.040569998
14-12-2024,0.13885291,0.001631961,2.3956854,0.000227547,0.67157936,11.038334,209.83961,28.589785,-0.17534462,0.029681286,5.08E-07,31.947607,8.113436699,0.130021537,12,349,-2.45E-16,1,-0.271958158,0.962309077,0.041698176
15-12-2024,0.14115947,0.0015864,2.1606278,0.000228151,1.0126648,9.990828,209.70485,28.896486,-0.14119786,0.028616782,1.32E-06,32.0882,8.111353874,0.132044824,12,350,-2.45E-16,1,-0.255353295,0.966847814,0.042504016
16-12-2024,0.14461167,0.001549177,2.0919044,0.000236249,1.075222,9.859251,209.68817,29.05616,-0.12744541,0.062243942,4.08E-07,32.140137,8.110735893,0.135065427,12,351,-2.45E-16,1,-0.238672766,0.971100052,0.042181682
17-12-2024,0.14577393,0.001530339,2.168353,0.000245982,0.90021133,10.368271,209.74303,28.71117,-0.21706243,0.09735683,7.88E-07,32.210922,8.110253334,0.13608033,12,352,-2.45E-16,1,-0.221921513,0.975064532,0.040569998
18-12-2024,0.14262812,0.001517982,2.342695,0.000237975,1.5324364,11.088735,209.76854,28.497496,-0.32056022,0.006191304,2.00E-06,32.414986,8.108226776,0.133330978,12,353,-2.45E-16,1,-0.2051045,0.97874008,0.040569998
19-12-2024,0.14001793,0.001502514,2.5320282,0.000252984,1.6532154,11.642373,209.73148,28.868362,-0.2650329,0.24649908,-4.45E-06,32.66194,8.105453491,0.13104399,12,354,-2.45E-16,1,-0.18822671,0.982125606,0.040851444
20-12-2024,0.14039414,0.001484933,2.6888807,0.000244816,1.5582294,11.962523,209.71605,28.570686,-0.20546548,0.35675207,-4.15E-06,32.785034,8.104017258,0.131373939,12,355,-2.45E-16,1,-0.171293144,0.985220107,0.041640949
21-12-2024,0.15534107,0.001450924,2.7357085,0.000522264,1.393177,12.231387,209.61356,28.227633,-0.25699636,0.20683163,-2.35E-06,32.697212,8.10495472,0.144395599,12,356,-2.45E-16,1,-0.154308821,0.988022666,0.043682612
22-12-2024,0.17570578,0.001420024,2.9442728,0.00031147,1.317728,12.816337,209.74971,28.27596,-0.1835067,0.11410883,-2.01E-07,32.683414,8.105031013,0.161868631,12,357,-2.45E-16,1,-0.137278772,0.990532452,0.045400001
23-12-2024,0.1689903,0.001406052,3.1680303,0.000264857,1.3007889,13.147494,210.04294,28.50959,-0.2186415,0.07666841,1.34E-06,32.703903,8.10485363,0.156140385,12,358,-2.45E-16,1,-0.120208045,0.992748722,0.045400001
24-12-2024,0.16134454,0.001397281,3.3272817,0.000263465,1.4501762,13.308131,210.36615,28.87523,-0.15242124,-0.019299122,8.37E-09,32.64654,8.105742455,0.14957842,12,359,-2.45E-16,1,-0.103101697,0.99467082,0.043612737
25-12-2024,0.16091894,0.001369923,3.351103,0.000343332,1.5678997,13.319154,210.58702,29.052994,-0.06120823,-0.044227846,-4.65E-07,32.43864,8.108423233,0.149211881,12,360,-2.45E-16,1,-0.085964799,0.996298175,0.044876896
26-12-2024,0.1624033,0.001335593,3.3827808,0.000284141,1.4293308,13.4727745,210.83545,29.058838,-0.007453464,-0.059613273,2.01E-07,32.123207,8.112520218,0.150489672,12,361,-2.45E-16,1,-0.068802427,0.997630305,0.045400001
27-12-2024,0.1571388,0.001308632,3.5024855,0.000248184,1.0743351,13.863123,211.21396,28.874178,0.010195512,-0.08847834,1.87E-06,31.721853,8.117985725,0.145950406,12,362,-2.45E-16,1,-0.051619667,0.998666816,0.045400001
28-12-2024,0.15334815,0.001284794,3.6678314,0.000238349,0.5540619,14.357135,211.64873,28.654789,0.08248717,-0.08316416,0.000001327,31.287989,8.123911858,0.142669147,12,363,-2.45E-16,1,-0.034421612,0.999407401,0.043961473
29-12-2024,0.14609645,0.001266175,3.5614784,0.000231298,0.34918404,13.888525,211.76395,28.751886,0.20508955,0.039303143,1.19E-07,31.127596,8.126093864,0.136361777,12,364,-2.45E-16,1,-0.017213356,0.999851839,0.043307595
30-12-2024,0.13746946,0.001257112,3.3500054,0.000212132,0.44691277,12.941795,211.80482,29.370443,0.19465278,0.098559014,-1.53E-06,31.489502,8.121021271,0.128806023,12,365,-2.45E-16,1,6.43E-16,1,0.043020498
31-12-2024,0.13017151,0.00124917,3.133442,0.000204159,0.81142616,11.917119,211.87804,30.32578,0.17340447,-0.14590052,-3.02E-06,32.206474,8.111245155,0.1223694,12,366,-2.45E-16,1,0.017213356,0.999851839,0.042890001
01-01-2025,0.12760033,0.001222757,2.8595383,0.000233135,1.0098877,10.764524,211.8981,30.713282,0.20139228,-0.14227456,-3.67E-08,32.477234,8.106389046,0.120091773,1,1,0.5,0.866025404,0.017213356,0.999851839,0.042890001
02-01-2025,0.1280211,0.001156663,2.6959214,0.000240858,0.73444176,10.066671,211.98865,30.746374,0.1302831,-0.23519649,-1.95E-06,32.45896,8.105291367,0.120464859,1,2,0.5,0.866025404,0.034421612,0.999407401,0.042890001
03-01-2025,0.12625845,0.001096391,2.6399508,0.000221985,0.41329575,9.664366,212.1346,30.362421,0.13935767,-0.25430262,3.13E-07,32.352566,8.10632515,0.118901033,1,3,0.5,0.866025404,0.051619667,0.998666816,0.042890001
04-01-2025,0.122730955,0.001057334,2.616555,0.000203215,0.11766815,9.35225,212.26231,30.038649,0.11381321,-0.17493044,-6.70E-07,31.821777,8.11322403,0.11576407,1,4,0.5,0.866025404,0.068802427,0.997630305,0.042890001
05-01-2025,0.11861448,0.001029694,2.625013,0.000173585,-0.20154762,9.123887,212.39734,29.722761,0.10813155,-0.16856168,4.04E-07,31.031607,8.123994827,0.112090848,1,5,0.5,0.866025404,0.085964799,0.996298175,0.042890001
06-01-2025,0.11362306,0.001007554,2.6620877,0.000148938,-0.17403412,8.983713,212.53502,29.576233,0.12166768,-0.1134132,-1.06E-07,30.308094,8.134405136,0.107618718,1,6,0.5,0.866025404,0.103101697,0.99467082,0.042890001
07-01-2025,0.111596376,0.000979485,2.6372821,0.00015559,-0.09423256,8.864646,212.60442,29.622643,0.122930884,-0.17196001,-1.57E-06,29.968494,8.139606476,0.105797159,1,7,0.5,0.866025404,0.120208045,0.992748722,0.042890001
08-01-2025,0.1126176,0.00094913,2.6051447,0.000158802,-0.33932686,8.781577,212.67828,29.126266,0.026024235,-0.11315288,-3.18E-07,29.77382,8.142550468,0.106715437,1,8,0.5,0.866025404,0.137278772,0.990532452,0.042890001
09-01-2025,0.11793589,0.000928282,2.492067,0.000184813,-0.60139847,8.668337,212.70695,28.534487,-0.006827192,-0.17210011,4.08E-07,29.587069,8.14538002,0.11148403,1,9,0.5,0.866025404,0.154308821,0.988022666,0.042890001
10-01-2025,0.12471161,0.000919498,2.3269315,0.000203714,-0.8007126,8.496306,212.74895,28.2062,0.001962748,-0.1463636,1.72E-06,29.424519,8.147868156,0.117526656,1,10,0.5,0.866025404,0.171293144,0.985220107,0.042890001
11-01-2025,0.12497048,0.000922588,2.26137,0.000201079,-0.8685684,8.401678,212.84926,27.96765,0.0436031,-0.13767508,5.70E-07,29.04701,8.153713226,0.117756795,1,11,0.5,0.866025404,0.18822671,0.982125606,0.043805428
12-01-2025,0.12026693,0.000959431,2.291772,0.000182532,-0.87374115,8.422899,212.97118,27.76172,0.0738723,-0.2299804,-1.00E-07,28.649837,8.160398483,0.113566987,1,12,0.5,0.866025404,0.2051045,0.97874008,0.044982407
13-01-2025,0.11603825,0.001014906,2.366826,0.000173104,-0.7875118,8.590938,213.10834,27.673922,0.117193766,-0.20461781,-5.59E-07,28.529757,8.163161278,0.109785138,1,13,0.5,0.866025404,0.221921513,0.975064532,0.044982407
14-01-2025,0.11933683,0.001037923,2.326035,0.000193736,-0.76438904,8.687879,213.16069,27.708214,0.08837752,-0.14663544,7.75E-07,28.56206,8.163313866,0.112736394,1,14,0.5,0.866025404,0.238672766,0.971100052,0.044982407
15-01-2025,0.12867953,0.001065696,2.1870215,0.000232564,-0.77435684,8.663255,213.16556,28.08578,0.106942765,-0.12463572,1.15E-06,28.663845,8.161532402,0.121048392,1,15,0.5,0.866025404,0.255353295,0.966847814,0.044982407
16-01-2025,0.13316575,0.001121094,2.1661217,0.000241638,-0.8291874,8.782092,213.28845,28.47958,0.15862994,-0.12542814,2.60E-08,28.958397,8.156486511,0.125015264,1,16,0.5,0.866025404,0.271958158,0.962309077,0.046394363
17-01-2025,0.13118908,0.001170992,2.2842364,0.000231959,-1.005827,9.043327,213.52208,28.689861,0.1458479,-0.1984631,-6.50E-08,29.339155,8.150294304,0.123269363,1,17,0.5,0.866025404,0.288482433,0.957485188,0.047241539
18-01-2025,0.13205223,0.001200188,2.329725,0.000243626,-1.0039654,9.201716,213.70274,28.755207,0.13777256,-0.2016712,4.01E-07,29.745415,8.144044876,0.124032118,1,18,0.5,0.866025404,0.304921225,0.952377576,0.049067181
19-01-2025,0.13733508,0.00120702,2.2694955,0.000276234,-1.0098896,9.162762,213.85431,28.873672,0.08385515,-0.19359468,2.36E-06,29.953777,8.140774727,0.128687877,1,19,0.5,0.866025404,0.321269662,0.946987753,0.04769795
20-01-2025,0.14172995,0.001198954,2.2650695,0.00029023,-0.96627045,9.182743,214.08847,28.851048,0.03302634,-0.17405008,1.12E-06,30.040249,8.139454842,0.132544612,1,20,0.5,0.866025404,0.3375229,0.941317318,0.047633033
21-01-2025,0.14471593,0.001245214,2.340436,0.000291848,-0.92523384,9.307946,214.40314,28.617085,0.014639646,-0.16473447,1.30E-06,30.130957,8.138409615,0.13515651,1,21,0.5,0.866025404,0.353676122,0.935367949,0.04771509
22-01-2025,0.1471157,0.001287562,2.4839642,0.000289758,-0.90896034,9.537509,214.73372,28.44157,-0.026053995,-0.079978496,1.45E-06,30.105839,8.139175415,0.137250705,1,22,0.5,0.866025404,0.369724543,0.929141411,0.046316434
23-01-2025,0.14878084,0.001283116,2.6743302,0.000292311,-0.85492134,9.909672,215.02515,28.394352,-0.06274435,-0.062464297,1.64E-06,29.96637,8.141468048,0.138701241,1,23,0.5,0.866025404,0.385663406,0.922639549,0.046864074
24-01-2025,0.14901999,0.001255662,2.886833,0.00029352,-0.6503601,10.216568,215.29022,28.573706,-0.003138245,0.007676524,7.45E-07,29.988966,8.141288757,0.138909396,1,24,0.5,0.866025404,0.401487989,0.915864288,0.046864074
25-01-2025,0.14812407,0.001219777,3.0423183,0.000295412,-0.5020523,10.432811,215.48764,28.71106,-0.040362827,0.022002008,1.17E-06,30.160147,8.13903904,0.138129367,1,25,0.5,0.866025404,0.417193603,0.908817637,0.046864074
26-01-2025,0.1532231,0.001141829,2.918567,0.000337834,-0.29195404,10.195642,215.51244,28.971884,-0.005519877,0.07565955,6.38E-07,30.175236,8.138981819,0.142560718,1,26,0.5,0.866025404,0.432775593,0.901501684,0.046929017
27-01-2025,0.16391972,0.00104487,2.673376,0.000408988,-0.3479557,9.748557,215.46318,29.19915,-0.039027084,0.1179603,1.70E-07,30.091604,8.140144348,0.151793378,1,27,0.5,0.866025404,0.448229342,0.893918597,0.045338996
28-01-2025,0.17832488,0.000960484,2.4921072,0.00046098,-0.55127144,9.213145,215.47397,29.437407,-0.013435571,0.08548963,1.41E-06,30.032614,8.140684128,0.164093837,1,28,0.5,0.866025404,0.463550271,0.886070622,0.045338996
29-01-2025,0.18692695,0.000853297,2.3357582,0.00048905,-0.5556259,8.751391,215.48405,29.674343,0.03675539,0.19051269,-3.94E-07,29.874113,8.142650604,0.171367572,1,29,0.5,0.866025404,0.47873384,0.877960085,0.045731321
30-01-2025,0.19044875,0.00074228,2.1805797,0.000517658,-0.103004456,8.291066,215.39801,30.193804,0.09848602,0.16915548,-8.84E-07,29.973965,8.141044617,0.174330337,1,30,0.5,0.866025404,0.49377555,0.869589389,0.047431402
31-01-2025,0.19479372,0.000673892,1.9037577,0.000569899,0.2727604,7.621493,215.09773,30.841574,0.102417044,0.042863503,-6.99E-07,30.673702,8.130839348,0.177973551,1,31,0.5,0.866025404,0.508670944,0.860961016,0.047242295
01-02-2025,0.19165647,0.000634522,1.7533451,0.000567639,0.67230225,7.2613106,215.0125,30.939705,0.13429868,0.11203003,-1.93E-06,31.38008,8.121440887,0.175344331,2,32,0.866025404,0.5,0.523415607,0.852077521,0.047431402
02-02-2025,0.18904658,0.000615153,1.5853508,0.000545744,0.6729164,6.8468843,214.81877,31.06363,0.07249696,0.043893036,-9.49E-07,31.7025,8.117465973,0.173151793,2,33,0.866025404,0.5,0.538005172,0.842941537,0.046176899
03-02-2025,0.1884759,0.00059525,1.2542363,0.000545883,0.7572136,6.13671,214.21812,31.063934,0.10093449,-0.04318574,-1.90E-06,31.76858,8.116648674,0.17267173,2,34,0.866025404,0.5,0.552435313,0.833555772,0.045466896
04-02-2025,0.1861583,0.000561776,0.89950615,0.000542139,0.5944824,5.348063,213.522,30.933807,0.12823872,-0.13262899,-1.12E-06,31.617126,8.118412971,0.170719766,2,35,0.866025404,0.5,0.566701756,0.823923006,0.046840411
05-02-2025,0.18693389,0.000536942,0.62943286,0.000530433,0.6002312,4.726687,212.90657,30.798096,0.10907394,-0.17819849,1.67E-06,31.433098,8.120168686,0.171373419,2,36,0.866025404,0.5,0.580800273,0.814046094,0.044717424
06-02-2025,0.18634504,0.000518888,0.58103645,0.000504994,1.3193665,4.5398607,212.57684,31.221924,0.10758622,-0.17557216,-1.56E-06,31.657871,8.116889954,0.170877186,2,37,0.866025404,0.5,0.594726687,0.803927962,0.042469367
07-02-2025,0.18253812,0.000509254,0.6501706,0.000474272,0.93717194,4.5518923,212.37822,31.318516,0.03617922,-0.10780816,1.07E-07,31.876242,8.113508224,0.167663078,2,38,0.866025404,0.5,0.60847687,0.793571609,0.041051682
08-02-2025,0.17757502,0.000505344,0.9046774,0.000475346,0.8457451,4.8143106,212.51547,31.366636,0.097508185,-0.007830333,1.79E-07,31.912369,8.112638474,0.163457256,2,39,0.866025404,0.5,0.622046748,0.782980104,0.041949093
09-02-2025,0.17972124,0.000496692,1.1228467,0.000483992,0.80701065,5.0099206,212.89207,31.369226,0.168527,0.027711477,3.68E-07,31.964176,8.111905098,0.165278173,2,40,0.866025404,0.5,0.635432301,0.772156584,0.044852823
10-02-2025,0.19212301,0.000494531,0.9185373,0.000518678,0.86392593,4.6416793,212.87738,31.348053,0.24499406,0.054657977,6.79E-07,32.09104,8.110332489,0.17573576,2,41,0.866025404,0.5,0.648629561,0.761104259,0.0481444
11-02-2025,0.2040387,0.000528367,0.5073759,0.000509559,0.7093277,4.0557976,212.56815,31.411741,0.25129983,0.014726495,-1.03E-06,32.13584,8.109063148,0.185681489,2,42,0.866025404,0.5,0.661634618,0.749826401,0.048595808
12-02-2025,0.19691008,0.000611371,0.30522788,0.000492374,0.56059074,3.735155,212.24393,30.998253,0.21191534,-0.04963657,-1.04E-06,32.05014,8.10839653,0.179743303,2,43,0.866025404,0.5,0.674443619,0.738326354,0.046221804
13-02-2025,0.18782431,0.000699894,0.20060892,0.000471646,0.5120735,3.5706897,211.86295,30.648191,0.22975217,-0.07105651,2.06E-06,31.88001,8.109215736,0.172123323,2,44,0.866025404,0.5,0.687052767,0.726607525,0.044543117
14-02-2025,0.17580667,0.000743569,0.17611736,0.000425495,0.6356621,3.4893255,211.74036,30.75253,0.03285277,-0.0424421,5.92E-07,31.74042,8.110669136,0.16195444,2,45,0.866025404,0.5,0.699458327,0.714673386,0.043274958
15-02-2025,0.16166005,0.000752128,0.19529067,0.000363712,0.7393875,3.4556234,211.84248,30.901772,0.116784535,-0.012255584,1.22E-06,31.861938,8.109055519,0.14985006,2,46,0.866025404,0.5,0.711656622,0.702527474,0.041824445
16-02-2025,0.15255415,0.000718635,0.21094325,0.000320967,0.7632332,3.4321117,211.99323,31.085962,0.19487764,-0.003718799,-1.39E-06,32.031116,8.107379913,0.14198048,2,47,0.866025404,0.5,0.723644038,0.690173388,0.041824445
17-02-2025,0.14543054,0.000671857,0.2537926,0.000284834,0.87690735,3.420309,212.14137,31.32561,0.16106986,-0.088611916,6.44E-07,32.197376,8.105901718,0.135780584,2,48,0.866025404,0.5,0.735417023,0.677614789,0.040629577
18-02-2025,0.13675861,0.000606441,0.36696035,0.000246357,1.0911713,3.4406927,212.32246,31.598099,0.22257537,-0.18080766,-1.91E-06,32.489307,8.102934837,0.128180888,2,49,0.866025404,0.5,0.746972088,0.664855398,0.039750353
19-02-2025,0.1275419,0.000557092,0.646583,0.000208955,1.2292175,3.5750244,212.60703,31.546898,0.17731726,-0.21092471,4.09E-07,32.847332,8.099081039,0.120039954,2,50,0.866025404,0.5,0.758305808,0.651898996,0.03933768
20-02-2025,0.12011111,0.000538823,1.019783,0.00017628,1.0253048,3.8517745,212.7152,31.473713,0.1378307,-0.17488016,-1.30E-06,32.93705,8.098323822,0.113427886,2,51,0.866025404,0.5,0.769414827,0.638749422,0.039163683
21-02-2025,0.11471647,0.00053013,1.4382427,0.000152717,0.9275093,4.278297,212.81448,31.46354,0.1093069,-0.06982773,-6.10E-07,32.849392,8.099740982,0.108600086,2,52,0.866025404,0.5,0.780295851,0.625410573,0.040116753
22-02-2025,0.11011075,0.000529622,2.029291,0.000132546,1.0763187,4.963065,213.2536,31.517178,0.13976869,-0.14312567,-1.74E-07,33.00355,8.098032951,0.104459785,2,53,0.866025404,0.5,0.790945657,0.611886401,0.040932629
23-02-2025,0.10624474,0.000531874,2.8273938,0.000116787,1.0843754,5.964892,213.88364,31.558205,0.12517577,0.027838007,-2.87E-07,33.284363,8.094794273,0.100971163,2,54,0.866025404,0.5,0.801361088,0.598180914,0.042504016
24-02-2025,0.103775166,0.000530745,3.5946496,0.000105256,0.87727356,6.962242,214.28763,31.63227,0.006326289,0.02197739,-7.90E-07,33.378727,8.093862534,0.098736273,2,55,0.866025404,0.5,0.811539059,0.584298174,0.042504016
25-02-2025,0.10224144,0.000527955,4.1726613,9.76E-05,0.84503746,7.7366424,214.49132,31.754932,0.062655926,0.07287109,8.16E-07,33.53845,8.092228889,0.097345779,2,56,0.866025404,0.5,0.821476553,0.570242293,0.042504016
26-02-2025,0.10102771,0.000523974,4.7675047,9.20E-05,0.9622612,8.476309,214.85884,31.92561,0.0747802,0.05137698,-8.04E-07,33.94267,8.087929726,0.096244025,2,57,0.866025404,0.5,0.831170626,0.556017437,0.041939929
27-02-2025,0.09998478,0.000522462,5.3154616,8.73E-05,1.1593456,9.071866,215.27132,32.03907,0.14378865,-0.05373502,-1.35E-06,34.387314,8.083124161,0.095296343,2,58,0.866025404,0.5,0.840618406,0.541627821,0.040569998
28-02-2025,0.099239334,0.000525592,5.987764,8.38E-05,1.3035641,9.834144,215.79735,31.817892,0.24606049,-0.2152425,-6.69E-07,34.723904,8.079814911,0.094618426,2,59,0.866025404,0.5,0.849817092,0.527077709,0.040569998
01-03-2025,0.098311774,0.000533413,6.33336,7.94E-05,1.3429928,10.325548,215.84163,31.405912,0.37538907,-0.24228355,1.13E-06,34.839195,8.079338074,0.09377425,3,60,1,6.12E-17,0.858763958,0.512371412,0.038964398
02-03-2025,0.096828446,0.000542479,6.090387,7.51E-05,1.3363552,9.82705,215.19998,31.189562,0.30128664,-0.27192897,1.18E-06,34.835007,8.080229759,0.092422784,3,61,1,6.12E-17,0.867456355,0.497513289,0.038762797
03-03-2025,0.09594731,0.000545621,6.037395,0.000072413,1.3965206,9.3327465,214.86064,31.207287,0.22507593,-0.11272633,5.06E-07,34.94303,8.079571724,0.091619113,3,62,1,6.12E-17,0.875891705,0.482507742,0.038419999
04-03-2025,0.09588476,0.000536921,6.430896,7.02E-05,1.3349171,9.520533,215.10388,31.265566,0.09319142,-0.12822497,2.90E-07,35.053272,8.078687668,0.091562037,3,63,1,6.12E-17,0.88406751,0.467359217,0.038399305
05-03-2025,0.097253546,0.000529705,6.8373327,6.71E-05,1.2292347,9.483902,215.57243,31.333817,0.2453866,0.023744086,4.39E-08,34.987297,8.079474449,0.092810281,3,64,1,6.12E-17,0.891981346,0.452072204,0.038088918
06-03-2025,0.099766925,0.000530497,6.9046555,6.64E-05,1.2477646,9.194382,215.75116,31.398603,0.03057458,0.073255815,7.54E-07,35.071266,8.078493118,0.095098271,3,65,1,6.12E-17,0.89963087,0.436651232,0.038371716
07-03-2025,0.10026438,0.000532567,6.888108,6.48E-05,1.2666054,9.157452,215.89888,31.480392,0.09425819,0.16702594,1.26E-06,35.193054,8.07708168,0.095550496,3,66,1,6.12E-17,0.907013813,0.421100871,0.038791042
08-03-2025,0.101737,0.000533877,6.9693403,6.43E-05,1.1348305,9.058231,216.04045,31.656576,0.106491156,0.27034995,4.74E-07,35.13676,8.077349663,0.096888025,3,67,1,6.12E-17,0.914127988,0.405425728,0.039328981
09-03-2025,0.10129167,0.000537904,6.9302526,6.29E-05,1.2108021,9.071713,215.77544,31.755157,0.03196365,0.25055313,-2.12E-07,35.193623,8.076444626,0.096483736,3,68,1,6.12E-17,0.920971288,0.38963045,0.041501079
10-03-2025,0.101512186,0.000550805,6.987961,0.000061702,0.9356804,9.124881,215.5269,31.871698,0.006317446,0.23711346,-2.91E-07,35.10127,8.07732296,0.09668395,3,69,1,6.12E-17,0.927541684,0.373719715,0.044328485
11-03-2025,0.101434514,0.000567511,6.7826333,6.13E-05,1.0979557,8.587553,214.87457,32.12474,0.041059412,0.060429774,-3.61E-07,35.23268,8.075978279,0.096613434,3,70,1,6.12E-17,0.933837229,0.357698239,0.046659641
12-03-2025,0.098594144,0.00058577,6.0678625,5.94E-05,1.0585117,7.6771064,213.55193,32.31484,0.16664727,0.05756723,-5.12E-07,35.653248,8.07137394,0.094031311,3,71,1,6.12E-17,0.939856058,0.341570769,0.048141502
13-03-2025,0.09647171,0.000593917,5.5810814,5.72E-05,1.0458889,7.193552,212.33391,32.32055,0.16823657,0.058622256,1.91E-07,35.977234,8.067712784,0.092097488,3,72,1,6.12E-17,0.945596387,0.325342085,0.043911651
14-03-2025,0.09514639,0.00059373,5.2887406,5.48E-05,1.1255646,7.0076847,211.5462,32.290966,0.17721526,0.062460534,1.63E-07,36.275284,8.064606667,0.090888044,3,73,1,6.12E-17,0.951056516,0.309016994,0.042504016
15-03-2025,0.09381502,0.000592265,5.0277863,0.000052679,1.2122955,6.9340405,210.92596,32.29737,0.16637954,0.055307824,-7.76E-08,36.50492,8.062391281,0.089671604,3,74,1,6.12E-17,0.956234827,0.292600336,0.042713091
16-03-2025,0.09290283,0.000590444,4.90373,5.12E-05,1.2007561,6.9213667,210.38272,32.303993,0.14641128,0.03232724,5.63E-08,36.63809,8.061095238,0.088837303,3,75,1,6.12E-17,0.961129784,0.276096973,0.042890001
17-03-2025,0.0926311,0.00058971,4.918984,5.04E-05,1.198761,6.977486,209.93509,32.32676,0.09664097,0.04974276,3.75E-07,36.72352,8.060193062,0.088588641,3,76,1,6.12E-17,0.965739938,0.259511797,0.041560363
18-03-2025,0.09226389,0.000590987,4.9498506,5.08E-05,1.2397251,7.013235,209.5518,32.35475,0.10022545,0.019808428,5.67E-08,36.834946,8.058999062,0.088252506,3,77,1,6.12E-17,0.970063922,0.242849722,0.040955983
19-03-2025,0.092249066,0.000591826,5.130294,4.98E-05,1.3491974,7.0784245,209.45053,32.365646,0.03985846,0.012030343,5.55E-08,37.01879,8.057132721,0.088238934,3,78,1,6.12E-17,0.974100455,0.226115686,0.042567667
20-03-2025,0.0932712,0.000590062,5.5213585,0.000050555,1.3718891,7.298561,209.67345,32.40764,0.030563377,-0.034624293,4.32E-07,37.169872,8.055544853,0.089174303,3,79,1,6.12E-17,0.977848342,0.209314646,0.042890001
21-03-2025,0.093937494,0.000590962,5.862674,5.13E-05,1.4592457,7.5676856,210.00504,32.435516,-0.036725644,-0.017475719,-3.55E-07,37.305782,8.054121017,0.089783567,3,80,1,6.12E-17,0.98130647,0.192451582,0.042890001
22-03-2025,0.09418324,0.000602971,6.1877985,5.22E-05,1.2338829,7.930565,210.28773,32.484573,-0.089311965,0.026182208,5.31E-07,37.307972,8.05407238,0.090008185,3,81,1,6.12E-17,0.984473817,0.17553149,0.041230757
23-03-2025,0.09455145,0.000610074,6.513905,5.25E-05,1.1074123,8.353603,210.59436,32.51595,-0.09080932,-0.009168642,-2.24E-08,37.18121,8.055306435,0.090344645,3,82,1,6.12E-17,0.987349442,0.158559385,0.040569998
24-03-2025,0.09438181,0.000614564,6.6504736,5.26E-05,0.95033646,8.567841,210.61536,32.52644,-0.08471175,-0.001044158,-3.06E-07,37.093777,8.056144714,0.090189647,3,83,1,6.12E-17,0.989932495,0.141540295,0.040569998
25-03-2025,0.09366335,0.000615082,6.656362,5.14E-05,0.8760948,8.578813,210.21089,32.530228,-0.06555002,-0.053334154,-2.07E-07,37.006462,8.057023048,0.089532933,3,84,1,6.12E-17,0.992222209,0.124479264,0.040569998
26-03-2025,0.093135945,0.000614309,6.665301,5.00E-05,0.89676094,8.583865,209.8763,32.52619,0.01952995,-0.05069752,-1.51E-07,37.001263,8.057035446,0.089050579,3,85,1,6.12E-17,0.994217907,0.107381347,0.040569998
27-03-2025,0.092574336,0.000615024,6.6171885,4.90E-05,0.8369942,8.566764,209.61308,32.504482,0.042352542,-0.011509483,-1.29E-06,37.01529,8.056789398,0.088536688,3,86,1,6.12E-17,0.995918996,0.09025161,0.040569998
28-03-2025,0.091917746,0.000617479,6.5571365,4.72E-05,1.022335,8.499092,209.00037,32.49599,0.07146569,0.045912754,4.91E-07,37.153778,8.055405617,0.08793555,3,87,1,6.12E-17,0.997324973,0.07309513,0.040884037
29-03-2025,0.091588445,0.00061905,6.544164,4.63E-05,1.0381985,8.52432,208.68648,32.512436,0.070092395,0.025182756,-7.12E-07,37.281635,8.054106712,0.087633924,3,88,1,6.12E-17,0.998435421,0.05591699,0.042890001
30-03-2025,0.09143708,0.000619211,6.5598145,4.59E-05,1.2781448,8.589184,208.53978,32.50933,0.10182821,0.028388144,-4.36E-07,37.451733,8.052351952,0.08749525,3,89,1,6.12E-17,0.999250011,0.038722281,0.043508802
31-03-2025,0.09127174,0.000616967,6.5483184,4.56E-05,1.1699848,8.6363735,208.38713,32.49616,0.099771574,0.012786244,2.22E-07,37.59413,8.050951004,0.08734375,3,90,1,6.12E-17,0.999768502,0.021516097,0.045400001
01-04-2025,0.091169216,0.000616969,6.5166354,4.47E-05,0.9815979,8.679176,208.25723,32.473984,0.102564655,-0.023403332,-1.31E-07,37.48965,8.052025795,0.087249797,4,91,0.866025404,-0.5,0.99999074,0.004303538,0.043830696
02-04-2025,0.09097291,0.000618248,6.4851985,4.32E-05,0.9560356,8.669389,208.1734,32.444016,0.12938514,-0.027101958,-9.46E-07,37.434036,8.052596092,0.087069876,4,92,0.866025404,-0.5,0.999916659,-0.012910296,0.043107498
03-04-2025,0.09069932,0.000618328,6.451778,4.21E-05,0.9650707,8.650802,207.98898,32.418526,0.10761834,-0.011054083,1.44E-07,37.48529,8.052091599,0.086819068,4,93,0.866025404,-0.5,0.999546281,-0.030120305,0.042890001
04-04-2025,0.09061171,0.000617887,6.4289184,4.19E-05,0.88207054,8.662434,207.70622,32.40088,0.07885719,-0.05264605,-3.42E-07,37.532703,8.051621437,0.086738741,4,94,0.866025404,-0.5,0.998879716,-0.047321388,0.042890001
05-04-2025,0.09048894,0.000618748,6.3777323,0.000044041,0.8057003,8.622247,207.43578,32.35491,0.11294715,-0.026549712,1.12E-07,37.510098,8.051831245,0.086626164,4,95,0.866025404,-0.5,0.997917161,-0.064508449,0.042890001
06-04-2025,0.0905539,0.000619753,6.3672066,4.18E-05,0.8951645,8.693162,207.27283,32.315395,0.09381453,0.053474978,-2.08E-08,37.562115,8.05133152,0.086685732,4,96,0.866025404,-0.5,0.996658902,-0.081676395,0.042890001
07-04-2025,0.09073451,0.000619835,6.5051613,4.13E-05,1.0523262,9.027843,207.34464,32.27393,0.003546528,0.11116964,1.32E-07,37.78421,8.04916954,0.086851332,4,97,0.866025404,-0.5,0.995105311,-0.098820139,0.042907402
08-04-2025,0.09089297,0.000621388,6.565737,4.33E-05,0.7790661,9.248836,207.70535,32.18088,0.066126406,0.029587666,3.43E-07,37.699715,8.050145149,0.086996599,4,98,0.866025404,-0.5,0.993256849,-0.1159346,0.042380877
09-04-2025,0.09102725,0.000609608,6.622657,4.52E-05,0.92591286,9.389317,208.02663,32.20211,-0.008656541,0.047287267,3.14E-07,37.793743,8.049636841,0.087119684,4,99,0.866025404,-0.5,0.991114064,-0.133014707,0.044265654
10-04-2025,0.09129616,0.000611244,6.6079817,5.01E-05,0.67456436,9.48358,208.3433,32.138706,0.07871144,0.04898566,3.05E-07,37.755684,8.049893379,0.087366127,4,100,0.866025404,-0.5,0.98867759,-0.150055398,0.043910276
11-04-2025,0.09154793,0.000613128,6.6492004,4.62E-05,0.69429207,9.645798,208.33109,32.112625,0.07664801,0.02783664,2.07E-07,37.57326,8.051866531,0.087596808,4,101,0.866025404,-0.5,0.98594815,-0.167051626,0.043246694
12-04-2025,0.09163556,0.000615467,6.744776,4.19E-05,1.1941605,9.79112,208.27298,32.123165,0.008865715,0.011802468,2.58E-07,37.986324,8.047952652,0.087677085,4,102,0.866025404,-0.5,0.982926552,-0.183998352,0.04384445
13-04-2025,0.09165871,0.000614347,6.823776,4.02E-05,1.2697487,9.875342,208.1195,32.128826,0.043733668,-0.068500556,-4.44E-07,38.467205,8.043324471,0.087698292,4,103,0.866025404,-0.5,0.979613692,-0.200890555,0.045026954
14-04-2025,0.09170843,0.00061995,6.86281,0.000040168,1.4143829,9.911372,208.03148,32.14729,0.006851894,-0.07018808,1.78E-07,38.717873,8.041014671,0.087743836,4,104,0.866025404,-0.5,0.976010551,-0.21772323,0.042181682
15-04-2025,0.09226989,0.000628643,6.9414835,4.08E-05,1.3929253,9.965336,208.02641,32.157288,0.02263711,0.017789086,-3.04E-07,38.89874,8.039284706,0.088257999,4,105,0.866025404,-0.5,0.972118197,-0.23449139,0.040717609
16-04-2025,0.092971094,0.000631497,6.9762745,4.15E-05,1.3186913,10.046098,207.85716,32.159573,0.04856491,-0.046193995,-2.70E-07,38.87995,8.03943634,0.088899762,4,106,0.866025404,-0.5,0.967937783,-0.251190064,0.039059144
17-04-2025,0.09286317,0.000636565,6.937167,4.18E-05,1.2010441,10.053979,207.64119,32.153454,0.013787078,0.013532403,4.74E-07,38.810074,8.04014492,0.088801014,4,107,0.866025404,-0.5,0.963470549,-0.267814305,0.038946565
18-04-2025,0.09251502,0.000643839,6.801967,4.31E-05,1.053545,9.920198,207.60995,32.13245,-0.038733847,0.020779833,2.21E-07,38.651356,8.041641235,0.088482396,4,108,0.866025404,-0.5,0.958717817,-0.284359187,0.03894059
19-04-2025,0.09221234,0.000651332,6.7078505,4.47E-05,0.89850044,9.833642,207.15009,32.091167,-0.036543407,-0.040805534,-1.82E-08,38.392563,8.043919563,0.088205309,4,109,0.866025404,-0.5,0.953680997,-0.300819808,0.039684601
20-04-2025,0.0917171,0.000655375,6.5915146,0.00004621,0.85054016,9.714887,206.63782,32.12301,-0.006953267,-0.022983843,3.67E-07,38.28483,8.044870377,0.087751778,4,110,0.866025404,-0.5,0.94836158,-0.317191289,0.040853616
21-04-2025,0.09076564,0.000665687,6.384751,4.58E-05,0.8763523,9.520723,206.13698,32.131588,-0.00498515,0.021989582,1.56E-07,38.31295,8.044513702,0.086879872,4,111,0.866025404,-0.5,0.942761143,-0.333468779,0.043166108
22-04-2025,0.08946315,0.000680809,6.096835,0.000046626,0.84418297,9.307853,205.84024,32.13597,0.01129497,0.009955549,4.95E-09,38.2931,8.044626236,0.085685052,4,112,0.866025404,-0.5,0.936881346,-0.349647455,0.044951268
23-04-2025,0.08796175,0.000685595,5.6598077,0.000048355,0.79650116,8.9524355,205.5152,32.149418,0.03662479,-0.008082009,8.71E-07,38.262104,8.044905663,0.084305992,4,113,0.866025404,-0.5,0.930723931,-0.365722523,0.045578469
24-04-2025,0.086401284,0.000694981,5.141388,0.000049219,0.7672558,8.466207,204.93575,32.177025,0.006825235,0.039571915,3.66E-07,38.31674,8.044315338,0.08287066,4,114,0.866025404,-0.5,0.924290722,-0.38168922,0.045060705
25-04-2025,0.08487146,0.000708519,4.7116632,4.94E-05,0.74720955,8.014371,204.26978,32.19722,0.002007906,0.04299718,-1.64E-09,38.398506,8.043416977,0.08146151,4,115,0.866025404,-0.5,0.917583626,-0.397542814,0.044725087
26-04-2025,0.08367166,0.000722293,4.4468827,4.87E-05,0.76242256,7.7179117,203.73753,32.21708,0.026152775,0.03389154,4.59E-07,38.489334,8.042478561,0.08035496,4,116,0.866025404,-0.5,0.91060463,-0.413278608,0.042721976
27-04-2025,0.082659125,0.000736763,4.220806,0.000047984,0.8286457,7.450621,203.28957,32.24352,0.015694546,0.028901437,6.46E-07,38.629093,8.041095734,0.079420168,4,117,0.866025404,-0.5,0.903355802,-0.428891938,0.042536184
28-04-2025,0.081774384,0.00075163,4.0609746,4.65E-05,0.97320366,7.2481985,202.96927,32.264267,-0.014226621,-0.011041738,1.44E-07,38.83146,8.039120674,0.078602641,4,118,0.866025404,-0.5,0.895839291,-0.444378178,0.043456692
29-04-2025,0.08139295,0.00077363,4.183271,4.49E-05,1.0948257,7.356253,202.90443,32.269127,0.016464353,0.083594605,2.58E-07,39.025356,8.037052155,0.078249979,4,119,0.866025404,-0.5,0.888057323,-0.459732739,0.044982407
30-04-2025,0.08127354,0.000800377,4.419127,4.54E-05,0.89177513,7.564192,202.93785,32.25569,-0.1051985,0.09347425,5.91E-08,39.01332,8.037024498,0.07813955,4,120,0.866025404,-0.5,0.880012204,-0.474951072,0.045286901
01-05-2025,0.08127622,0.000827088,4.626155,4.41E-05,0.9697876,7.77143,203.04973,32.237232,-0.120775074,0.067379884,-9.99E-08,38.965504,8.037196159,0.078142029,5,121,0.5,-0.866025404,0.871706319,-0.490028666,0.045400001
02-05-2025,0.081498854,0.000847021,4.9092765,4.24E-05,1.087553,8.057282,203.20198,32.31367,-0.065859206,0.11482515,5.71E-07,39.149654,8.035341263,0.078347907,5,122,0.5,-0.866025404,0.863142128,-0.504961055,0.045400001
03-05-2025,0.08157303,0.000864407,5.0510263,4.15E-05,1.0798912,8.209107,203.1283,32.333633,-0.12867934,0.11417428,-3.90E-07,39.30193,8.034014702,0.078416491,5,123,0.5,-0.866025404,0.85432217,-0.519743812,0.044876896
04-05-2025,0.08176037,0.000874675,5.0097227,4.27E-05,1.0189571,8.165624,202.9358,32.37481,-0.05329333,-0.005632822,1.88E-07,39.368744,8.033353806,0.078589686,5,124,0.5,-0.866025404,0.845249057,-0.534372558,0.043307595
05-05-2025,0.08206563,0.000892573,5.0177345,4.17E-05,1.0624332,8.146314,202.74387,32.386795,0.040121164,-0.01129094,6.22E-07,39.436584,8.032651901,0.078871835,5,125,0.5,-0.866025404,0.835925479,-0.548842958,0.041655622
06-05-2025,0.08219375,0.000913802,5.013125,0.00004102,1.0969715,8.117653,202.7171,32.36676,-0.016641228,0.013702367,-9.29E-07,39.522026,8.031929016,0.078990231,5,126,0.5,-0.866025404,0.826354199,-0.563150724,0.039829254
07-05-2025,0.08223255,0.000943438,4.9556084,4.04E-05,1.2558441,8.023514,202.49309,32.35287,-0.007750043,-0.035070512,-9.15E-08,39.73182,8.029958725,0.079026083,5,127,0.5,-0.866025404,0.816538051,-0.577291617,0.038513359
08-05-2025,0.08237116,0.000978409,4.8741236,3.97E-05,1.2410316,7.91059,202.12865,32.345375,0.019760719,-0.08862514,-9.23E-08,39.978622,8.027405739,0.079154153,5,128,0.5,-0.866025404,0.806479946,-0.591261445,0.037051711
09-05-2025,0.08258244,0.001059878,4.7176647,3.93E-05,1.2388477,7.7063575,201.65924,32.31379,0.030285398,-0.090706624,-8.72E-07,40.124912,8.025632858,0.079349335,5,129,0.5,-0.866025404,0.796182864,-0.60505607,0.036872864
10-05-2025,0.08477676,0.001236343,4.575726,3.96E-05,1.2828808,7.511067,201.32083,32.250114,0.030995233,-0.06962354,-6.77E-07,40.248108,8.024077415,0.081374215,5,130,0.5,-0.866025404,0.785649855,-0.618671403,0.037118781
11-05-2025,0.08616182,0.001456765,4.5666265,4.14E-05,1.4691944,7.4497313,200.89429,32.161434,0.032557894,-0.046976518,-6.43E-08,40.440834,8.022120476,0.082650216,5,131,0.5,-0.866025404,0.774884041,-0.632103411,0.036855813
12-05-2025,0.08543641,0.001579819,4.6502337,4.32E-05,1.6420574,7.4747806,200.40369,32.17886,0.03740449,-0.006442803,-3.17E-08,40.727646,8.019613266,0.081982127,5,132,0.5,-0.866025404,0.763888613,-0.645348113,0.035227202
13-05-2025,0.084591396,0.001583842,4.696735,4.71E-05,1.4719696,7.465864,200.37613,32.276985,0.076381765,-0.03145403,3.64E-07,40.78732,8.019024849,0.081203323,5,133,0.5,-0.866025404,0.752666828,-0.658401585,0.034971997
14-05-2025,0.083583586,0.001534196,4.7453737,4.67E-05,1.4848804,7.489726,200.31857,32.305523,0.06013311,0.024140254,8.86E-08,40.696934,8.019938469,0.080273683,5,134,0.5,-0.866025404,0.741222011,-0.671259958,0.034896124
15-05-2025,0.08237362,0.001491329,4.7961297,4.47E-05,1.5471058,7.5561604,200.14603,32.293526,0.018205822,0.06733886,3.85E-08,40.79545,8.019331932,0.079156426,5,135,0.5,-0.866025404,0.729557554,-0.683919422,0.034896124
16-05-2025,0.08149967,0.001488233,4.822229,4.35E-05,1.4981422,7.5733256,199.90976,32.265995,0.021685656,0.026867554,5.90E-07,40.848618,8.01880455,0.078348661,5,136,0.5,-0.866025404,0.717676914,-0.696376226,0.034896124
17-05-2025,0.08110771,0.001414231,4.8532443,4.35E-05,1.4678974,7.6148334,199.65125,32.231125,0.07908579,0.061636385,3.73E-08,40.683643,8.020616531,0.077986173,5,137,0.5,-0.866025404,0.70558361,-0.708626678,0.034930609
18-05-2025,0.081178844,0.001326908,4.9210324,0.000043725,1.3563442,7.72994,199.52174,32.206005,0.015686054,0.0586681,-5.61E-08,40.46982,8.023147583,0.078051968,5,138,0.5,-0.866025404,0.693281227,-0.72066715,0.03548285
19-05-2025,0.081483774,0.001291441,4.999919,4.42E-05,1.2663345,7.826837,199.29381,32.17986,0.052343898,0.02113177,2.97E-07,40.299763,8.02496624,0.078333963,5,139,0.5,-0.866025404,0.680773409,-0.732494072,0.037111331
20-05-2025,0.08198282,0.001242394,5.0728793,4.47E-05,1.1684761,7.8987956,199.04053,32.123547,0.10420668,0.00496466,-4.29E-07,40.10988,8.02700901,0.078795302,5,140,0.5,-0.866025404,0.668063864,-0.74410394,0.035638336
21-05-2025,0.0824388,0.001195675,5.1578407,5.68E-05,1.061451,7.985987,198.68681,32.047695,0.0899553,0.038231086,-2.10E-07,39.797718,8.030065536,0.079216643,5,141,0.5,-0.866025404,0.655156357,-0.755493314,0.035259157
22-05-2025,0.08282663,0.0011742,5.1785417,7.23E-05,0.9243679,8.011474,198.32495,31.970184,0.08501525,-0.06555331,3.73E-07,39.425915,8.033651352,0.079574872,5,142,0.5,-0.866025404,0.642054713,-0.766658819,0.036761083
23-05-2025,0.0832399,0.001163039,5.1423216,6.37E-05,0.89987755,7.980357,198.07933,31.942793,0.13043284,-0.027951468,-2.35E-07,39.17292,8.036220551,0.079956458,5,143,0.5,-0.866025404,0.628762815,-0.777597147,0.036761083
24-05-2025,0.083578125,0.001153023,5.182351,5.12E-05,0.8975506,8.023947,198.00517,31.905796,0.087614045,0.047010724,-3.69E-07,39.063145,8.037624359,0.080268644,5,144,0.5,-0.866025404,0.6152846,-0.788305056,0.036761083
25-05-2025,0.08371963,0.001146419,5.239933,4.83E-05,0.9275341,8.0759735,197.94159,31.89931,0.016421473,0.08278642,7.26E-10,39.048576,8.038000107,0.080399226,5,145,0.5,-0.866025404,0.601624063,-0.798779373,0.036356919
26-05-2025,0.08406871,0.001140117,5.230334,6.03E-05,0.83992386,8.049176,197.95265,31.930126,-0.020838458,0.118913665,-2.46E-07,39.028156,8.038025856,0.080721287,5,146,0.5,-0.866025404,0.587785252,-0.809016994,0.036761083
27-05-2025,0.08470339,0.001150059,5.271766,5.76E-05,0.7293854,8.084999,197.97815,31.956373,-0.050318547,0.111707084,-2.17E-07,38.934513,8.038486481,0.081306576,5,147,0.5,-0.866025404,0.573772268,-0.819014887,0.037244931
28-05-2025,0.08513677,0.001128263,5.251471,7.66E-05,0.6121845,8.109309,198.37834,31.961142,-0.028687362,0.15445131,-2.99E-07,38.80363,8.038999557,0.081706034,5,148,0.5,-0.866025404,0.559589262,-0.828770087,0.04048948
29-05-2025,0.085359626,0.001084123,4.970325,0.000106625,0.36960983,8.034818,199.75014,31.980263,-0.006490048,0.041367844,-2.64E-07,38.649475,8.039686203,0.081911385,5,149,0.5,-0.866025404,0.545240439,-0.838279705,0.042874716
30-05-2025,0.08584385,0.001064549,4.6033826,9.55E-05,0.1598587,8.007808,200.65814,32.046577,-0.1196937,-0.006629637,1.05E-06,38.569042,8.039800644,0.082357427,5,150,0.5,-0.866025404,0.530730048,-0.847540923,0.044725087
31-05-2025,0.085365,0.001070496,4.3251567,0.000068958,0.09727287,8.304098,200.8755,32.08512,-0.034363307,0.031579684,-8.62E-07,38.508736,8.039764404,0.081916336,5,151,0.5,-0.866025404,0.516062391,-0.856550996,0.044145092
01-06-2025,0.08370536,0.001071038,4.174611,7.78E-05,-0.004314423,8.650112,200.58995,32.081882,-0.026572729,0.06516455,-9.87E-07,38.476067,8.03985405,0.080386058,6,152,1.22E-16,-1,0.501241813,-0.865307254,0.043579996
02-06-2025,0.08257117,0.00107743,3.9681528,0.000064923,-0.01590538,9.045872,200.39656,32.09671,-0.037550155,0.019245952,7.88E-08,38.530975,8.039259911,0.079338925,6,153,1.22E-16,-1,0.486272707,-0.873807104,0.044138223
03-06-2025,0.08109989,0.001109389,3.684531,5.13E-05,0.08943367,9.383034,200.15004,32.088142,-0.061428692,0.04996275,-4.06E-07,38.70482,8.03731823,0.07797894,6,154,1.22E-16,-1,0.471159508,-0.882048025,0.040296178
04-06-2025,0.07941831,0.001159302,3.4680026,0.000050221,0.027877808,9.454533,199.88359,32.067154,-0.021659274,0.010730768,-9.87E-07,38.762386,8.036355019,0.076422294,6,155,1.22E-16,-1,0.455906694,-0.890027576,0.035870176
05-06-2025,0.07812596,0.001226532,3.2151773,4.78E-05,0.0646019,9.419242,199.69873,31.968765,-0.033463847,0.054063447,-7.77E-07,38.780987,8.036120415,0.075224312,6,156,1.22E-16,-1,0.440518784,-0.897743394,0.033420641
06-06-2025,0.0771936,0.001380338,2.9269762,4.42E-05,0.5311241,9.312656,199.46216,31.942047,-0.04333727,0.032995325,3.31E-08,39.257008,8.031683922,0.074359141,6,157,1.22E-16,-1,0.42500034,-0.90519319,0.031135203
07-06-2025,0.07641514,0.00153845,2.7801902,4.20E-05,0.7737484,9.147614,199.23442,31.93646,0.002642942,0.054901246,-3.07E-07,39.795628,8.026742935,0.073636205,6,158,1.22E-16,-1,0.409355959,-0.912374758,0.02984
08-06-2025,0.075801715,0.001614719,2.6569817,3.99E-05,1.0146084,8.881598,199.03561,31.934042,0.018342106,0.1749003,1.73E-09,39.986263,8.025393486,0.073066165,6,159,1.22E-16,-1,0.393590277,-0.91928597,0.029272772
09-06-2025,0.07516543,0.001696622,2.505396,3.88E-05,1.1546688,8.505099,198.88464,31.891659,-0.06629006,0.16595578,-3.64E-07,40.215755,8.023207664,0.072474538,6,160,1.22E-16,-1,0.377707965,-0.925924777,0.028489999
10-06-2025,0.07436002,0.001677196,2.3437717,3.90E-05,0.82995987,8.162377,198.7198,31.86704,0.000353307,0.1573901,-2.92E-07,40.065636,8.024054527,0.071725154,6,161,1.22E-16,-1,0.361713731,-0.932289213,0.028489999
11-06-2025,0.073851116,0.001720638,2.172159,4.31E-05,0.7453556,7.788098,198.65506,31.690832,-0.053682204,0.26507214,-3.66E-07,39.651443,8.0278759,0.071251361,6,162,1.22E-16,-1,0.345612313,-0.938377392,0.028489999
12-06-2025,0.074031465,0.001755928,2.0066953,5.24E-05,0.7290802,7.439344,198.70645,31.567705,-0.056050736,0.20722036,3.44E-07,39.49779,8.02923584,0.071419293,6,163,1.22E-16,-1,0.329408482,-0.944187509,0.028489999
13-06-2025,0.074344836,0.001805736,1.9219325,4.41E-05,0.7819023,7.233198,198.5706,31.483845,-0.011839275,0.15632705,-6.36E-07,39.431095,8.029797554,0.071711021,6,164,1.22E-16,-1,0.313107041,-0.949717843,0.028489999
14-06-2025,0.07463454,0.001854813,1.8525631,5.73E-05,0.7597885,7.1090603,198.46074,31.321386,0.016419092,0.12149635,3.26E-07,39.258785,8.031169891,0.071980641,6,165,1.22E-16,-1,0.296712819,-0.954966755,0.027817018
15-06-2025,0.07609283,0.001814048,1.7573295,8.76E-05,0.41664505,6.96597,198.42273,31.088488,0.030534033,0.15076989,1.40E-07,38.68519,8.036704063,0.073336731,6,166,1.22E-16,-1,0.280230675,-0.95993269,0.028429551
16-06-2025,0.079176486,0.001632705,1.6654649,0.000105389,0.29014778,6.8675885,198.65535,31.214003,0.10480331,0.0475407,1.47E-07,38.190346,8.041669846,0.076198237,6,167,1.22E-16,-1,0.263665493,-0.964614176,0.029689487
17-06-2025,0.08278243,0.001507511,1.6249441,0.000181676,0.15704727,6.827777,198.7148,31.358622,0.0923132,-0.012444555,-3.20E-07,38.04646,8.042647362,0.079534052,6,168,1.22E-16,-1,0.24702218,-0.969009826,0.03131
18-06-2025,0.09056052,0.001486702,1.5713007,0.000179147,0.022132874,6.7979145,198.9682,31.4201,0.051996697,-0.000546484,-1.53E-07,37.919075,8.043387413,0.086691803,6,169,1.22E-16,-1,0.23030567,-0.973118337,0.032297038
19-06-2025,0.09353294,0.001508759,1.5517535,8.95E-05,0.005685806,6.8007317,199.0704,31.415825,-0.00414335,0.058532827,-1.08E-06,37.837543,8.043843269,0.089413684,6,170,1.22E-16,-1,0.213520915,-0.976938493,0.032738514
20-06-2025,0.097235516,0.001549405,1.5501057,0.000103996,0.006759644,6.783194,199.16194,31.354883,-0.049356814,0.009493035,-1.20E-06,37.807163,8.043831825,0.092793849,6,171,1.22E-16,-1,0.19667289,-0.98046916,0.032618795
21-06-2025,0.10654326,0.001628402,1.66898,8.74E-05,0.043289185,6.7445784,199.26213,31.207582,-0.10480886,0.12559555,-3.88E-06,37.760258,8.044219017,0.101240976,6,172,1.22E-16,-1,0.179766586,-0.983709294,0.032373395
22-06-2025,0.10730449,0.001731341,1.7277293,7.25E-05,0.09970665,6.684994,199.34766,31.281874,-0.08052765,0.098755464,-7.77E-07,37.851986,8.043126106,0.101928675,6,173,1.22E-16,-1,0.162807013,-0.986657933,0.03131
23-06-2025,0.09505062,0.001794312,1.6202892,0.000056914,0.17027473,6.619875,199.37915,31.365059,-0.027068608,0.12481112,-1.16E-06,38.082928,8.040458679,0.090800591,6,174,1.22E-16,-1,0.145799197,-0.989314204,0.031111289
24-06-2025,0.08611687,0.001849738,1.4943253,5.75E-05,0.35807228,6.5226855,199.30058,31.352575,-0.05616102,0.1019434,-9.55E-07,38.327183,8.037843704,0.082608831,6,175,1.22E-16,-1,0.128748177,-0.99167732,0.030937621
25-06-2025,0.082009755,0.001824922,1.35042,6.21E-05,0.312397,6.3423033,199.32954,31.445776,0.013596066,0.15636483,-4.14E-07,38.401054,8.037027359,0.078820196,6,176,1.22E-16,-1,0.111659007,-0.99374658,0.031997107
26-06-2025,0.0809378,0.001801505,1.3146454,6.23E-05,0.25393677,6.23872,199.31395,31.459137,0.015516994,0.06464925,-7.43E-07,38.315567,8.037796974,0.077828998,6,177,1.22E-16,-1,0.09453675,-0.995521372,0.032880001
27-06-2025,0.08033537,0.001802407,1.3300743,6.67E-05,0.2583809,6.230728,199.26875,31.414448,0.019036308,0.017291477,-4.91E-08,38.247,8.03844738,0.077271521,6,178,1.22E-16,-1,0.077386479,-0.99700117,0.032880001
28-06-2025,0.08353106,0.001802606,1.4887486,9.47E-05,0.15576363,6.2597136,199.23134,31.354822,0.013974202,-0.006446938,-1.18E-06,38.1512,8.0392313,0.080225208,6,179,1.22E-16,-1,0.060213277,-0.998185534,0.033319481
29-06-2025,0.11817213,0.001799629,2.7246587,0.000241505,0.012657166,6.221272,199.8911,31.178253,-0.03746665,-0.021481426,-1.24E-06,37.9244,8.041419029,0.111695325,6,180,1.22E-16,-1,0.043022233,-0.999074115,0.035260867
30-06-2025,0.17338374,0.001802216,4.9015822,0.000257462,0.0629406,6.1053963,201.1943,31.195246,-0.07278266,0.025987286,-2.39E-06,37.829807,8.042504311,0.15989166,6,181,1.22E-16,-1,0.02581844,-0.999666649,0.036078487
01-07-2025,0.16792959,0.001820797,5.263153,0.000216064,0.16711426,6.063614,201.81964,31.384253,-0.11809369,0.15099825,-8.98E-07,37.979237,8.040984154,0.1552326,7,182,-0.5,-0.866025404,0.008606997,-0.999962959,0.034711171
02-07-2025,0.15411395,0.001836926,4.815415,0.000184476,0.14557838,6.030007,202.1037,31.446438,-0.15382306,0.13934489,-2.46E-07,38.072067,8.039818764,0.143332907,7,183,-0.5,-0.866025404,-0.008606997,-0.999962959,0.034896124
03-07-2025,0.14963946,0.001841303,4.6873293,0.000183112,0.056009293,5.976777,202.16565,31.403086,-0.16928507,0.13975605,-4.73E-07,38.043404,8.039751053,0.13944838,7,184,-0.5,-0.866025404,-0.02581844,-0.999666649,0.035477091
04-07-2025,0.1920425,0.001872624,6.631518,0.000427813,-0.041633606,5.8428936,202.67238,31.386244,-0.19229646,0.02259883,-4.65E-08,38.096756,8.038550377,0.175668222,7,185,-0.5,-0.866025404,-0.043022233,-0.999074115,0.037044261
05-07-2025,0.24275139,0.002028093,8.315367,0.000424672,-0.08641243,5.696746,203.29466,31.241747,-0.12156764,-0.025389232,-5.51E-07,38.10944,8.036301613,0.217327784,7,186,-0.5,-0.866025404,-0.060213277,-0.998185534,0.037118781
06-07-2025,0.21675578,0.002297482,7.670144,0.000298082,-0.13702774,5.597864,203.69392,30.557486,-0.11937947,-0.015197066,-1.04E-06,37.68137,8.038023949,0.19618812,7,187,-0.5,-0.866025404,-0.077386479,-0.99700117,0.037118781
07-07-2025,0.2584741,0.0026469,9.068179,0.000525927,-0.2791729,5.400786,204.889,29.533838,-0.06615321,-0.14396313,2.55E-07,36.98109,8.042496681,0.229899955,7,188,-0.5,-0.866025404,-0.09453675,-0.995521372,0.037118781
08-07-2025,0.43416306,0.003019147,13.512666,0.000552889,-0.37854958,4.9867487,207.01671,28.206764,-0.057518356,-0.09237506,3.00E-07,36.5296,8.046347618,0.360581446,7,189,-0.5,-0.866025404,-0.111659007,-0.99374658,0.037504766
09-07-2025,0.5519487,0.003281601,18.033514,0.000705927,-0.39766312,4.666441,208.60555,27.257528,-0.056178108,-0.06713253,4.65E-07,36.185543,8.051519394,0.439511367,7,190,-0.5,-0.866025404,-0.128748177,-0.99167732,0.037126824
10-07-2025,0.523896,0.003434115,19.73813,0.000662733,-0.2973938,4.587338,209.11015,26.595844,-0.1152074,-0.019684121,5.27E-07,35.875458,8.056907654,0.421270213,7,191,-0.5,-0.866025404,-0.145799197,-0.989314204,0.037021905
11-07-2025,0.45144796,0.003571122,19.544806,0.000608097,-0.08712196,4.5845337,208.98628,26.37513,-0.12715113,-0.13251188,1.00E-06,35.6179,8.061214447,0.372561651,7,192,-0.5,-0.866025404,-0.162807013,-0.986657933,0.036761083
12-07-2025,0.38974175,0.003677773,18.503551,0.000576058,0.37569618,4.6690426,208.24265,26.615164,-0.06712449,-0.09560008,1.01E-06,35.59688,8.062128067,0.329117939,7,193,-0.5,-0.866025404,-0.179766586,-0.983709294,0.037088972
13-07-2025,0.33298278,0.003250943,15.335285,0.000833855,-0.07943535,4.9683123,205.51653,27.253304,-0.20434229,-0.083418496,-1.28E-07,35.205517,8.0682621,0.287419123,7,194,-0.5,-0.866025404,-0.19667289,-0.98046916,0.038217954
14-07-2025,0.2917255,0.002546833,13.148071,0.00042467,-0.2591095,5.219284,206.29642,28.662537,-0.08741375,-0.1206091,-7.41E-07,35.17512,8.071001053,0.255978921,7,195,-0.5,-0.866025404,-0.213520915,-0.976938493,0.040569998
15-07-2025,0.26480216,0.00240956,14.667839,0.000373509,-0.1355381,5.0386376,207.43161,29.683216,-0.21888873,0.045984056,-2.24E-06,35.677776,8.064969063,0.234915715,7,196,-0.5,-0.866025404,-0.23030567,-0.973118337,0.039711665
16-07-2025,0.22852649,0.002409869,15.023699,0.000320866,0.17435074,4.860154,207.25627,27.6052,-0.37083197,0.015877344,-8.09E-07,35.480946,8.07083416,0.205815476,7,197,-0.5,-0.866025404,-0.24702218,-0.969009826,0.037473574
17-07-2025,0.19428073,0.002524931,14.127477,0.000253212,0.7687874,4.8439813,206.72244,27.333645,-0.35637438,0.022705283,-4.19E-06,35.63955,8.072127342,0.177544105,7,198,-0.5,-0.866025404,-0.263665493,-0.964614176,0.035369627
18-07-2025,0.17062205,0.002759648,13.277685,0.000202323,0.8034744,4.8983674,206.31569,27.697641,-0.28830746,-0.04359164,1.02E-06,36.347584,8.062509537,0.157535274,7,199,-0.5,-0.866025404,-0.280230675,-0.95993269,0.034536656
19-07-2025,0.15295029,0.002876045,12.609149,0.000164306,1.078476,4.888472,205.76779,29.172068,-0.1393012,0.060361717,-3.89E-06,37.345222,8.049482346,0.142324127,7,200,-0.5,-0.866025404,-0.296712819,-0.954966755,0.032998793
20-07-2025,0.132305,0.002945244,10.6794405,0.000119873,1.6276016,4.9525576,204.73946,29.647297,-0.25385642,0.035512652,2.01E-07,38.546314,8.036712646,0.124255378,7,201,-0.5,-0.866025404,-0.313107041,-0.949717843,0.032880001
21-07-2025,0.11565844,0.002955914,8.658403,8.96E-05,1.733942,5.0651317,203.76566,30.901936,-0.18466909,0.061130688,-1.49E-06,39.429775,8.027363777,0.10944476,7,202,-0.5,-0.866025404,-0.329408482,-0.944187509,0.032231275
22-07-2025,0.10525532,0.003007366,7.340123,7.41E-05,1.9098091,5.1323857,202.91348,31.396383,-0.12684676,0.07435631,-1.39E-06,40.01999,8.020963669,0.100076367,7,203,-0.5,-0.866025404,-0.345612313,-0.938377392,0.03131
23-07-2025,0.09433665,0.00306952,5.5053453,6.11E-05,1.9316502,5.2148147,201.7011,31.585466,-0.18883963,0.11764191,-4.59E-07,40.229958,8.018980026,0.090148381,7,204,-0.5,-0.866025404,-0.361713731,-0.932289213,0.03131
24-07-2025,0.08730121,0.002821346,4.1740313,6.90E-05,1.8912334,5.263316,200.19589,31.306318,-0.08278837,0.10602769,1.61E-07,39.983734,8.021683693,0.083698672,7,205,-0.5,-0.866025404,-0.377707965,-0.925924777,0.032592151
25-07-2025,0.08656876,0.002190257,3.6068752,0.000116869,0.78321266,5.2764697,200.09718,31.39117,0.052887406,0.01221693,-4.22E-08,38.894577,8.031936646,0.083024804,7,206,-0.5,-0.866025404,-0.393590277,-0.91928597,0.036926985
26-07-2025,0.08948812,0.002146346,3.6536286,7.82E-05,0.6039524,5.2470098,200.21844,31.33524,-0.07004175,0.1413371,-7.86E-07,37.99202,8.039948463,0.085707971,7,207,-0.5,-0.866025404,-0.409355959,-0.912374758,0.03986055
27-07-2025,0.08863726,0.002144784,2.940793,6.75E-05,0.5656395,5.3166757,200.31384,31.30398,-0.1196604,0.014749732,1.11E-06,37.818752,8.041666031,0.084926694,7,208,-0.5,-0.866025404,-0.42500034,-0.90519319,0.040540192
28-07-2025,0.08765695,0.002156341,2.3550777,6.60E-05,0.716074,5.364391,200.31169,31.218533,-0.041152224,0.018191107,-1.46E-07,37.856937,8.041342735,0.084025795,7,209,-0.5,-0.866025404,-0.440518784,-0.897743394,0.038457341
29-07-2025,0.08747563,0.002201575,2.061513,0.000129472,0.51646614,5.3695593,200.19324,31.119179,-0.043932647,0.068466954,-1.01E-06,37.7467,8.042030334,0.083859075,7,210,-0.5,-0.866025404,-0.455906694,-0.890027576,0.03803983
30-07-2025,0.090826675,0.002211028,1.7730368,0.000140306,0.48636246,5.387985,200.24559,31.12637,8.25E-05,0.07608913,-5.87E-08,37.542625,8.043982506,0.086935826,7,211,-0.5,-0.866025404,-0.471159508,-0.882048025,0.038247563
31-07-2025,0.09309558,0.002226545,1.6180753,0.000094822,0.4102173,5.4069386,200.47112,31.042816,-0.06693187,0.036668196,-1.15E-06,37.313965,8.046775818,0.089013653,7,212,-0.5,-0.866025404,-0.486272707,-0.873807104,0.038088918
01-08-2025,0.092038535,0.002322052,1.5832185,6.47E-05,0.5923176,5.425364,200.64948,29.58954,-0.16457549,0.08642053,-3.94E-06,36.515137,8.057766914,0.088046165,8,213,-0.866025404,-0.5,-0.501241813,-0.865307254,0.037121214
02-08-2025,0.089726575,0.002531427,1.6078949,6.13E-05,0.76792717,5.4456625,200.72119,28.736835,-0.1264829,0.024717696,-1.49E-06,35.900646,8.066369057,0.085926816,8,214,-0.866025404,-0.5,-0.516062391,-0.856550996,0.036430001
03-08-2025,0.08776711,0.002685336,1.6521965,5.60E-05,0.8814392,5.464752,200.76918,28.80622,-0.009124143,0.015757442,-6.91E-07,36.035805,8.064483643,0.084127072,8,215,-0.866025404,-0.5,-0.530730048,-0.847540923,0.035119817
04-08-2025,0.085840285,0.002841487,1.7142558,5.29E-05,1.1115208,5.488827,200.76198,26.2999,-0.1870121,0.03697286,-1.07E-06,35.55008,8.073018074,0.082354143,8,216,-0.866025404,-0.5,-0.545240439,-0.838279705,0.034589998
05-08-2025,0.08424306,0.003196241,1.8089374,5.21E-05,1.4360504,5.5282874,200.7216,23.426655,-0.27775115,0.05135603,1.88E-06,34.56444,8.089830399,0.080882103,8,217,-0.866025404,-0.5,-0.559589262,-0.828770087,0.03366936
06-08-2025,0.08321605,0.003868079,1.934777,5.84E-05,1.5880394,5.5875783,200.66658,20.99565,-0.4072036,-0.031592548,2.63E-07,33.87985,8.101197243,0.07993444,8,218,-0.866025404,-0.5,-0.573772268,-0.819014887,0.032891855
07-08-2025,0.083774194,0.003975847,2.0748963,8.67E-05,1.383337,5.649973,200.75847,21.646116,-0.07837478,0.10353969,-8.31E-08,33.21894,8.111283302,0.080449573,8,219,-0.866025404,-0.5,-0.587785252,-0.809016994,0.032880001
08-08-2025,0.0866905,0.004069629,2.1983619,0.000115857,1.0171986,5.695455,201.01453,21.827057,-0.21753174,0.056023657,-9.72E-07,33.36205,8.106391907,0.083136839,8,220,-0.866025404,-0.5,-0.601624063,-0.798779373,0.033568792
09-08-2025,0.08838073,0.004471262,2.3303492,7.48E-05,0.80851364,5.753024,201.14641,21.318142,-0.23469144,0.05815399,7.35E-07,33.314686,8.103885651,0.084691023,8,221,-0.866025404,-0.5,-0.6152846,-0.788305056,0.035484761
10-08-2025,0.08755932,0.004829056,2.4760644,5.75E-05,1.0431271,5.8102994,201.14114,18.416739,-0.14310348,0.075684994,1.32E-06,32.234673,8.123710632,0.08393603,8,222,-0.866025404,-0.5,-0.628762815,-0.777597147,0.036123876
11-08-2025,0.0863629,0.005194303,2.5976055,5.33E-05,1.3968239,5.8598094,201.07625,16.292465,-0.28228176,-0.06513969,2.59E-07,30.925663,8.152522087,0.082835328,8,223,-0.866025404,-0.5,-0.642054713,-0.766658819,0.036123876
12-08-2025,0.08554903,0.005181951,2.6481457,5.31E-05,1.7151337,5.889391,200.95982,14.4627075,-0.21636893,0.037357483,-3.29E-07,29.616085,8.180678368,0.082085877,8,224,-0.866025404,-0.5,-0.655156357,-0.755493314,0.035516582
13-08-2025,0.08549662,0.004444509,2.6666977,5.25E-05,1.5446987,5.8881087,200.78738,17.829895,-0.028585553,0.13473497,8.84E-07,30.323765,8.164964676,0.082037597,8,225,-0.866025404,-0.5,-0.668063864,-0.74410394,0.035366729
14-08-2025,0.08558206,0.004177284,2.674851,5.65E-05,1.3363705,5.8726025,200.47803,20.099115,-0.06982373,-0.05476312,-7.78E-07,32.94186,8.114975929,0.082116304,8,226,-0.866025404,-0.5,-0.680773409,-0.732494072,0.036761083
15-08-2025,0.08574509,0.004229986,2.6506028,5.67E-05,1.3428135,5.8621736,200.34541,19.976927,-0.16437045,0.008111484,-5.33E-07,33.56561,8.102788925,0.08226647,8,227,-0.866025404,-0.5,-0.693281227,-0.72066715,0.036671415
16-08-2025,0.08581852,0.00397656,2.6604483,5.09E-05,1.4815865,5.8546996,200.25099,18.393423,-0.3410737,0.05985159,1.13E-06,31.969172,8.131747246,0.082334099,8,228,-0.866025404,-0.5,-0.70558361,-0.708626678,0.036568243
17-08-2025,0.08608232,0.002995867,2.6800601,5.84E-05,1.3927612,5.830991,200.10701,25.224346,-0.1445571,0.22268048,1.33E-06,32.718765,8.120511055,0.08257702,8,229,-0.866025404,-0.5,-0.717676914,-0.696376226,0.038534872
18-08-2025,0.08696905,0.002385284,2.7247992,7.89E-05,1.1161518,5.775992,199.99635,29.964136,0.012509258,0.13475959,2.75E-07,36.169106,8.066761017,0.083393135,8,230,-0.866025404,-0.5,-0.729557554,-0.683919422,0.04073723
19-08-2025,0.08815565,0.002177425,2.759431,6.84E-05,0.81396484,5.7061324,200.00711,30.8785,0.017746506,0.12054433,-1.14E-06,37.500282,8.047311783,0.084484199,8,231,-0.866025404,-0.5,-0.741222011,-0.671259958,0.042504016
20-08-2025,0.08874953,0.002101286,2.8792746,0.000073855,0.66394234,5.6224036,200.10469,30.995575,-0.045745216,0.11377881,-8.91E-07,37.45706,8.047231674,0.085029817,8,232,-0.866025404,-0.5,-0.752666828,-0.658401585,0.042262264
21-08-2025,0.08955496,0.002061384,3.0535688,0.000132017,0.5115452,5.5356464,200.2873,30.920298,-0.024006821,0.009945956,-6.36E-07,37.239098,8.049472809,0.085769319,8,233,-0.866025404,-0.5,-0.763888613,-0.645348113,0.040698659
22-08-2025,0.09234618,0.0020278,3.0658684,0.00015875,0.36847687,5.4513464,200.52495,30.776691,0.029268803,0.038258106,-1.63E-06,36.99351,8.051999092,0.088327842,8,234,-0.866025404,-0.5,-0.774884041,-0.632103411,0.040612306
23-08-2025,0.09533431,0.002025239,3.1954272,0.000133952,0.24924469,5.368297,200.87527,30.367151,-0.092379935,-0.020931592,-4.30E-06,36.72638,8.055094719,0.091059623,8,235,-0.866025404,-0.5,-0.785649855,-0.618671403,0.039346378
24-08-2025,0.09731923,0.002057078,3.5839226,0.00010104,0.2239399,5.2963643,201.2338,30.007215,-0.085447624,-0.08164295,-1.34E-06,36.48366,8.058254242,0.092870142,8,236,-0.866025404,-0.5,-0.796182864,-0.60505607,0.039099351
25-08-2025,0.09570145,0.002114227,4.1836023,0.000070182,0.60170937,5.219402,201.55875,30.356627,-0.020210108,0.19157887,-1.89E-06,36.651814,8.05691433,0.091394752,8,237,-0.866025404,-0.5,-0.806479946,-0.591261445,0.038755342
26-08-2025,0.09341266,0.00215891,5.0671325,6.11E-05,0.4391861,5.110688,201.98053,30.492174,-0.066982284,0.25933394,1.14E-06,36.769974,8.055449486,0.089303686,8,238,-0.866025404,-0.5,-0.816538051,-0.577291617,0.038419999
27-08-2025,0.09168279,0.002168383,5.3918133,6.18E-05,0.39181137,5.0403166,202.23315,30.651505,0.0331014,0.060255926,5.39E-07,36.67371,8.055826187,0.08772035,8,239,-0.866025404,-0.5,-0.826354199,-0.563150724,0.036933884
28-08-2025,0.09004847,0.002167611,5.407806,6.51E-05,0.3421154,5.0095572,202.31686,30.667717,0.041331146,0.13856609,1.14E-06,36.72881,8.054866791,0.086222163,8,240,-0.866025404,-0.5,-0.835925479,-0.548842958,0.036761083
29-08-2025,0.089039505,0.002241378,5.7378516,6.47E-05,0.30002403,4.957803,202.49947,30.65799,-0.08024179,0.1393572,7.19E-07,36.736336,8.053998947,0.08529612,8,241,-0.866025404,-0.5,-0.845249057,-0.534372558,0.037111331
30-08-2025,0.08855688,0.002422697,6.3474464,6.53E-05,0.28881454,4.89411,202.76862,30.609573,-0.117810436,0.06858427,1.11E-06,36.716988,8.051953316,0.084852856,8,242,-0.866025404,-0.5,-0.85432217,-0.519743812,0.037498947
31-08-2025,0.08805311,0.002721582,6.924928,5.72E-05,0.81162834,4.8494086,203.03874,30.278887,-0.114847824,0.07794886,-1.59E-06,36.700718,8.050588608,0.084389962,8,243,-0.866025404,-0.5,-0.863142128,-0.504961055,0.038777698
01-09-2025,0.08744519,0.002936994,7.3575377,5.82E-05,0.8049507,4.807192,203.12952,27.737434,-0.30224657,0.26739717,-2.38E-07,35.225025,8.071201324,0.083831083,9,244,-1,-1.84E-16,-0.871706319,-0.490028666,0.038883802
02-09-2025,0.087737545,0.002619074,7.69844,5.96E-05,0.56186295,4.740137,203.28784,29.537743,-0.185114,0.2974808,4.14E-06,34.76981,8.079008102,0.084099892,9,245,-1,-1.84E-16,-0.880012204,-0.474951072,0.045242094
03-09-2025,0.08812657,0.002388381,7.899588,7.16E-05,0.4454651,4.660026,203.47614,30.824787,-0.116524465,0.025292294,7.53E-07,36.524254,8.05372715,0.084457474,9,246,-1,-1.84E-16,-0.888057323,-0.459732739,0.047861982
04-09-2025,0.08867921,0.002339067,7.998474,6.88E-05,0.36356735,4.59804,203.6527,30.533789,-0.21595737,-0.001515657,6.56E-07,37.151188,8.044473648,0.084965228,9,247,-1,-1.84E-16,-0.895839291,-0.444378178,0.047734275
05-09-2025,0.088942565,0.002362862,8.148676,6.37E-05,0.5674381,4.5467997,203.84952,28.438704,-0.26987165,-0.21428332,1.85E-06,36.93379,8.047151566,0.085207102,9,248,-1,-1.84E-16,-0.903355802,-0.428891938,0.045802124
06-09-2025,0.0886249,0.002608362,8.284811,5.63E-05,1.0213261,4.5172367,204.00934,26.053362,-0.13749117,-0.19573775,2.66E-06,36.968277,8.047544479,0.08491534,9,249,-1,-1.84E-16,-0.91060463,-0.413278608,0.041826498
07-09-2025,0.08795397,0.00297966,8.383384,5.40E-05,1.0918312,4.4934616,204.07288,23.159925,0.028531985,-0.18425666,3.10E-06,36.5069,8.056150436,0.084298841,9,250,-1,-1.84E-16,-0.917583626,-0.397542814,0.039823208
08-09-2025,0.08739161,0.003162963,8.437821,5.34E-05,1.2906437,4.46427,204.13408,21.875885,0.08852214,-0.12874867,3.84E-06,35.545116,8.071805,0.08378181,9,251,-1,-1.84E-16,-0.924290722,-0.38168922,0.038777698
09-09-2025,0.086912,0.003434727,8.447997,5.19E-05,1.4833794,4.447997,204.1287,22.850735,0.17841242,-0.0630988,2.38E-06,35.591522,8.072889328,0.083340648,9,252,-1,-1.84E-16,-0.930723931,-0.365722523,0.039823208
10-09-2025,0.08651572,0.003591115,8.464362,5.26E-05,1.6029491,4.4454546,204.04079,22.909912,0.06743327,0.014353924,4.12E-07,35.52884,8.075327873,0.082975989,9,253,-1,-1.84E-16,-0.936881346,-0.349647455,0.039196204
11-09-2025,0.08637763,0.00321852,8.463178,0.000055262,1.297184,4.4350066,203.98685,24.12042,0.16261387,0.16302735,1.49E-06,35.19554,8.080309868,0.082848887,9,254,-1,-1.84E-16,-0.942761143,-0.333468779,0.038868073
12-09-2025,0.086521566,0.002637585,8.407021,5.24E-05,1.0030212,4.4132457,203.94965,26.217655,0.19265486,0.24129996,5.98E-07,35.83907,8.06947422,0.08298137,9,255,-1,-1.84E-16,-0.94836158,-0.317191289,0.0402123
13-09-2025,0.08661964,0.002263964,8.329171,5.45E-05,0.866909,4.39952,203.84735,27.537863,0.16063678,0.14775762,-3.19E-06,36.67749,8.057314873,0.08307163,9,256,-1,-1.84E-16,-0.953680997,-0.300819808,0.0402123
14-09-2025,0.08675549,0.002087384,8.263178,6.08E-05,0.6247196,4.3900585,203.59096,28.54815,0.028004974,0.10930709,-4.64E-06,36.796352,8.055531502,0.083196643,9,257,-1,-1.84E-16,-0.958717817,-0.284359187,0.0402123
15-09-2025,0.08738975,0.002008663,8.182135,8.66E-05,0.39356613,4.390137,203.44116,29.527805,-0.053478047,0.06761959,-5.59E-06,36.52652,8.058051109,0.0837801,9,258,-1,-1.84E-16,-0.963470549,-0.267814305,0.042106025
16-09-2025,0.08850248,0.002019888,8.123801,6.77E-05,0.5012684,4.3961473,203.3956,30.15205,-0.14116505,0.08599253,-6.67E-06,36.496284,8.057587624,0.08480288,9,259,-1,-1.84E-16,-0.967937783,-0.251190064,0.042146318
17-09-2025,0.088692255,0.002049409,8.102944,5.42E-05,0.7179661,4.3984747,203.45375,30.293242,-0.16898297,0.1312152,-3.94E-06,36.60233,8.057617188,0.08497721,9,260,-1,-1.84E-16,-0.972118197,-0.23449139,0.040093157
18-09-2025,0.08848719,0.002129969,8.111115,4.98E-05,0.8323536,4.42739,203.46724,26.97862,-0.2852558,-0.002828631,-1.16E-06,35.991447,8.067652702,0.084788833,9,261,-1,-1.84E-16,-0.976010551,-0.21772323,0.037743311
19-09-2025,0.088575654,0.002213502,8.125614,4.80E-05,0.99827766,4.6718264,203.35509,27.025038,-0.15501164,-0.09915516,-1.51E-06,35.73468,8.071635246,0.084870102,9,262,-1,-1.84E-16,-0.979613692,-0.200890555,0.036398046
20-09-2025,0.088794746,0.00225097,8.119498,5.16E-05,1.4419308,4.8512373,203.25429,28.074383,-0.16193815,0.08158109,-1.68E-06,36.526337,8.062459946,0.085071347,9,263,-1,-1.84E-16,-0.982926552,-0.183998352,0.034666531
21-09-2025,0.0881403,0.002238403,8.06696,6.24E-05,1.0549088,4.7979617,202.53868,28.967892,-0.23882693,0.075055435,-7.32E-07,36.71756,8.058758736,0.084470092,9,264,-1,-1.84E-16,-0.98594815,-0.167051626,0.034621887
22-09-2025,0.08804818,0.002266924,8.005226,9.12E-05,0.6601963,4.9426975,201.78418,29.092264,-0.081371404,-0.082823925,-1.68E-06,35.965263,8.065271378,0.084385431,9,265,-1,-1.84E-16,-0.98867759,-0.150055398,0.034896124
23-09-2025,0.08874158,0.00229045,7.9488096,5.64E-05,0.8904438,4.9990153,202.047,29.02828,-0.05264207,0.10338448,-7.20E-07,35.61986,8.069628716,0.085022516,9,266,-1,-1.84E-16,-0.991114064,-0.133014707,0.034896124
24-09-2025,0.0886387,0.0023332,7.842275,5.20E-05,0.927227,4.813538,202.37975,28.75746,-0.15480012,0.23346521,-1.88E-06,35.657055,8.070533752,0.084928017,9,267,-1,-1.84E-16,-0.993256849,-0.1159346,0.034609132
25-09-2025,0.08844798,0.002374175,7.649749,5.78E-05,0.82922554,4.677133,202.39621,28.477642,-0.32883543,0.185086,1.20E-06,35.51957,8.072100639,0.08475281,9,268,-1,-1.84E-16,-0.995105311,-0.098820139,0.03670707
26-09-2025,0.08887489,0.002161126,7.102518,6.27E-05,0.57219696,4.495767,202.78775,29.023796,-0.04808978,0.2963031,-1.23E-07,35.476597,8.072756767,0.085144952,9,269,-1,-1.84E-16,-0.996658902,-0.081676395,0.046392087
27-09-2025,0.089223236,0.002074225,6.763387,5.83E-05,0.42375565,4.3990183,202.87204,29.372824,-0.21139513,0.13468538,-1.13E-06,35.78518,8.067338943,0.085464815,9,270,-1,-1.84E-16,-0.997917161,-0.064508449,0.047241539
28-09-2025,0.089059986,0.002100129,6.6913524,5.66E-05,0.5162678,4.381836,202.8837,29.264343,-0.21463323,0.07883963,2.82E-07,35.874847,8.064760208,0.085314926,9,271,-1,-1.84E-16,-0.998879716,-0.047321388,0.044525065
29-09-2025,0.088762864,0.00221738,6.7434216,0.000051111,1.0506897,4.374393,202.88008,28.978931,-0.27268153,0.11302891,-5.46E-06,36.21408,8.060276031,0.085042064,9,272,-1,-1.84E-16,-0.999546281,-0.030120305,0.040447794
30-09-2025,0.088354066,0.002252759,6.719946,4.92E-05,1.2892532,4.362069,202.73044,27.661406,-0.38086456,0.18403174,-1.38E-06,36.133358,8.063480377,0.084666524,9,273,-1,-1.84E-16,-0.999916659,-0.012910296,0.038641009
01-10-2025,0.08818655,0.002091533,6.400196,5.42E-05,0.6473217,4.35757,202.42628,28.947712,-0.13599272,0.24857847,2.03E-06,35.709423,8.069540024,0.084512595,10,274,-0.866025404,0.5,-0.99999074,0.004303538,0.047228817
02-10-2025,0.08840765,0.001926506,5.735085,8.20E-05,0.21426773,4.4247804,202.37015,29.61824,0.02085421,0.12927653,1.47E-07,35.762627,8.066605568,0.084715757,10,275,-0.866025404,0.5,-0.999768502,0.021516097,0.05957377
03-10-2025,0.08894381,0.001862142,5.474786,5.91E-05,0.12911606,4.446679,202.30353,29.650444,-0.027993552,0.111124836,-9.48E-07,35.80152,8.065028191,0.085208245,10,276,-0.866025404,0.5,-0.999250011,0.038722281,0.055032052
04-10-2025,0.08870229,0.001851141,5.394865,0.000057371,0.17847061,4.465762,202.22523,29.591911,0.017669097,0.044212487,8.76E-08,35.79073,8.065292358,0.084986427,10,277,-0.866025404,0.5,-0.998435421,0.05591699,0.047422327
05-10-2025,0.08842758,0.001859722,5.364327,5.83E-05,0.2435131,4.483233,202.07205,29.498343,0.07970504,-0.048571542,-1.99E-07,35.808678,8.064998627,0.084734068,10,278,-0.866025404,0.5,-0.997324973,0.07309513,0.044293359
06-10-2025,0.08821859,0.001887862,5.3677974,6.06E-05,0.3617096,4.4909606,201.99673,29.21041,0.08109949,-0.05142817,-1.17E-06,35.874958,8.064182281,0.084542038,10,279,-0.866025404,0.5,-0.995918996,0.09025161,0.040454008
07-10-2025,0.08816277,0.002149116,5.376456,6.08E-05,0.11684227,4.4980993,201.9653,27.432583,-0.000506889,-0.120942995,-2.50E-06,35.428833,8.069500923,0.084490742,10,280,-0.866025404,0.5,-0.994217907,0.107381347,0.038419999
08-10-2025,0.088243045,0.002550099,5.3663754,6.58E-05,-0.23935318,4.5013924,201.90796,24.466703,-0.04390917,-0.042002108,-1.21E-06,33.811626,8.091741562,0.08456451,10,281,-0.866025404,0.5,-0.992222209,0.124479264,0.038074389
09-10-2025,0.088500135,0.003093211,5.3581915,7.43E-05,-0.31653214,4.497422,201.82457,18.182901,-0.35843217,-0.07479583,-1.54E-06,30.437817,8.148895264,0.084800726,10,282,-0.866025404,0.5,-0.989932495,0.141540295,0.036519669
10-10-2025,0.08885281,0.003588309,5.335697,6.02E-05,-0.42328644,4.5049706,201.8403,18.554884,-0.2385863,-0.02885263,1.62E-06,28.852816,8.179977417,0.085124674,10,283,-0.866025404,0.5,-0.987349442,0.158559385,0.036430001
11-10-2025,0.08882625,0.00366134,5.3176923,5.46E-05,0.005886078,4.517991,201.96289,18.387999,-0.18966644,-0.039156888,3.27E-06,29.369337,8.1726408,0.085100281,10,284,-0.866025404,0.5,-0.984473817,0.17553149,0.036174897
12-10-2025,0.088644974,0.003815573,5.3245025,5.30E-05,0.52579117,4.52893,202.08467,17.01947,-0.35825872,0.059903737,4.88E-08,29.132242,8.181562424,0.08493378,10,285,-0.866025404,0.5,-0.98130647,0.192451582,0.036123876
13-10-2025,0.08859687,0.004197741,5.2186217,5.22E-05,0.50896454,4.646974,202.14539,17.748217,-0.47774854,-0.094469056,3.15E-06,29.46648,8.175546646,0.084889592,10,286,-0.866025404,0.5,-0.977848342,0.209314646,0.036123876
14-10-2025,0.0886793,0.004188018,5.0435963,5.11E-05,0.40428543,4.867945,202.20825,19.93037,-0.3215206,-0.03212572,4.01E-07,30.665852,8.150691986,0.08496531,10,287,-0.866025404,0.5,-0.974100455,0.226115686,0.035946067
15-10-2025,0.08866009,0.004029271,4.9286675,0.000051939,0.37927246,5.0234714,202.29013,21.351559,-0.34846607,-0.011243328,1.69E-06,31.98749,8.124782562,0.084947665,10,288,-0.866025404,0.5,-0.970063922,0.242849722,0.035136353
16-10-2025,0.08860042,0.003915156,4.878006,5.41E-05,0.68675995,5.105361,202.34413,22.290792,-0.26242423,-0.002845888,1.16E-07,32.516617,8.111474037,0.084892853,10,289,-0.866025404,0.5,-0.965739938,0.259511797,0.034305502
17-10-2025,0.088524364,0.003770137,4.855514,5.53E-05,0.92484283,5.1103406,202.31017,22.563137,-0.2784032,0.07852404,2.99E-07,32.955044,8.102649689,0.084822985,10,290,-0.866025404,0.5,-0.961129784,0.276096973,0.034305502
18-10-2025,0.088546515,0.003609651,4.7575264,5.57E-05,0.78658104,5.135111,202.33922,21.52157,-0.42560712,0.116879866,1.80E-06,32.499496,8.109070778,0.084843334,10,291,-0.866025404,0.5,-0.956234827,0.292600336,0.034305502
19-10-2025,0.08859541,0.003603942,4.5654826,5.43E-05,0.84127426,5.253103,202.37813,20.512905,-0.4710511,0.09924075,2.40E-06,31.394403,8.127095222,0.084888251,10,292,-0.866025404,0.5,-0.951056516,0.309016994,0.034305502
20-10-2025,0.08859861,0.003534952,4.3164306,5.17E-05,1.0812874,5.4073544,202.36879,20.109415,-0.46561885,0.13257998,1.32E-06,30.695074,8.139071465,0.08489119,10,293,-0.866025404,0.5,-0.945596387,0.325342085,0.034305502
21-10-2025,0.088433325,0.003428979,4.142946,0.000051103,1.2602177,5.4040055,202.36484,20.913479,-0.46844313,0.12566772,1.25E-06,31.049881,8.131603241,0.084739346,10,294,-0.866025404,0.5,-0.939856058,0.341570769,0.034305502
22-10-2025,0.088195205,0.003340864,3.9730897,5.07E-05,1.399929,5.373404,202.35028,21.629366,-0.5415859,0.10160465,4.95E-07,31.70846,8.11924839,0.084520549,10,295,-0.866025404,0.5,-0.933837229,0.357698239,0.034305502
23-10-2025,0.08801793,0.003263607,3.805315,5.19E-05,1.6649628,5.3805385,202.31163,21.747828,-0.53880787,0.13736212,2.63E-06,32.092216,8.113353729,0.084357628,10,296,-0.866025404,0.5,-0.927541684,0.373719715,0.034305502
24-10-2025,0.08791673,0.003217761,3.7333179,5.30E-05,1.68149,5.3235917,202.36208,21.892958,-0.6159014,0.057892106,3.75E-06,32.306923,8.110913277,0.084264611,10,297,-0.866025404,0.5,-0.920971288,0.38963045,0.034418114
25-10-2025,0.08789849,0.003028935,3.6688435,5.19E-05,1.5971813,5.2839785,202.38336,21.783087,-0.8066028,-0.04251568,1.63E-06,32.403313,8.109980583,0.084247844,10,298,-0.866025404,0.5,-0.914127988,0.405425728,0.033372384
26-10-2025,0.0880466,0.002702992,3.6213863,0.000051842,1.6356945,5.3421283,202.32419,24.752367,-0.6792559,-0.059060913,1.38E-06,33.64513,8.092046738,0.084383978,10,299,-0.866025404,0.5,-0.907013813,0.421100871,0.034382306
27-10-2025,0.08815454,0.002281777,3.5299652,5.43E-05,1.609787,5.283115,202.2526,27.976171,-0.42001438,0.022010813,-4.15E-07,35.894157,8.061203957,0.084483179,10,300,-0.866025404,0.5,-0.89963087,0.436651232,0.03595826
28-10-2025,0.08810558,0.001758418,3.3870792,5.94E-05,1.4933338,5.0105944,202.09952,30.434336,-0.21168067,0.21228363,-6.12E-07,37.412178,8.044452667,0.084438184,10,301,-0.866025404,0.5,-0.891981346,0.452072204,0.038881969
29-10-2025,0.08819324,0.001474279,3.3314736,6.07E-05,1.4231281,4.788881,201.93607,30.921774,-0.19454187,0.19230194,7.39E-07,37.71637,8.041607857,0.084518743,10,302,-0.866025404,0.5,-0.88406751,0.467359217,0.041250542
30-10-2025,0.088252455,0.001397649,3.384032,5.53E-05,1.6856232,4.7211003,201.9122,30.785244,-0.1845783,0.098357886,1.45E-06,37.82779,8.041026115,0.084573157,10,303,-0.866025404,0.5,-0.875891705,0.482507742,0.039532337
31-10-2025,0.08826956,0.001437514,3.4998677,5.22E-05,1.8083191,4.7535195,201.96384,30.705576,-0.13650234,0.04223817,-1.08E-06,38.039433,8.039018631,0.084588875,10,304,-0.866025404,0.5,-0.867456355,0.497513289,0.037003152
01-11-2025,0.088307984,0.001533537,3.6303153,5.21E-05,1.8357811,4.8114734,201.9986,30.581478,-0.11745269,0.011532691,2.84E-07,38.112816,8.038074493,0.084624182,11,305,-0.5,0.866025404,-0.858763958,0.512371412,0.034836728
02-11-2025,0.08849305,0.001757594,3.823929,5.55E-05,1.8089294,4.999009,201.89958,29.727371,-0.2822086,-0.06717796,-1.89E-06,37.802055,8.041106224,0.084794217,11,306,-0.5,0.866025404,-0.849817092,0.527077709,0.033470619
03-11-2025,0.095966,0.002152556,5.1445274,6.27E-05,1.5999565,9.687393,202.14815,28.288343,-0.4094767,0.062444795,-1.16E-06,36.51114,8.056061745,0.091636166,11,307,-0.5,0.866025404,-0.840618406,0.541627821,0.034417886
04-11-2025,0.12941611,0.002637094,9.589037,0.000131198,1.3345985,26.45269,204.60002,26.699394,-0.344884,0.0681245,5.86E-07,35.36803,8.067080498,0.121700782,11,308,-0.5,0.866025404,-0.831170626,0.556017437,0.035227202
05-11-2025,0.17241684,0.003002514,14.797021,0.000240354,1.0838547,42.333813,208.06282,26.684694,-0.23823975,0.13263534,-8.45E-08,34.733147,8.071298599,0.159067293,11,309,-0.5,0.866025404,-0.821476553,0.570242293,0.036601301
06-11-2025,0.1857073,0.003341269,16.19726,0.000252992,0.60116196,44.388187,209.56479,24.107851,-0.36444607,0.18249908,-2.31E-06,32.690136,8.099051476,0.170339474,11,310,-0.5,0.866025404,-0.811539059,0.584298174,0.036956605
07-11-2025,0.13747196,0.003657322,10.962261,0.000150497,0.3118,27.33169,206.89136,21.542583,-0.57105535,0.055832807,9.43E-09,30.817657,8.128053665,0.128808221,11,311,-0.5,0.866025404,-0.801361088,0.598180914,0.036398143
08-11-2025,0.098736204,0.00350763,5.8918595,7.36E-05,0.813797,10.701989,204.3567,21.454256,-0.69549114,-0.044551607,-9.31E-07,31.016024,8.12810421,0.094160614,11,312,-0.5,0.866025404,-0.790945657,0.611886401,0.038423833
09-11-2025,0.09078364,0.003339849,4.528703,6.19E-05,0.84405327,7.221407,203.49527,23.356508,-0.57690734,-0.10784448,-1.57E-06,32.450325,8.107241631,0.086896374,11,313,-0.5,0.866025404,-0.780295851,0.625410573,0.038685329
10-11-2025,0.08919627,0.00323889,4.227429,6.05E-05,0.35559464,7.314116,203.32835,23.862474,-0.6254767,-0.18654187,6.38E-07,33.106922,8.097103119,0.085440057,11,314,-0.5,0.866025404,-0.769414827,0.638749422,0.038043603
11-11-2025,0.08917374,0.003029756,4.165239,6.14E-05,0.37246704,8.187272,203.523,24.16235,-0.58685184,-0.23768063,2.16E-06,33.224834,8.096981049,0.085419372,11,315,-0.5,0.866025404,-0.758305808,0.651898996,0.039688624
12-11-2025,0.08980491,0.002676164,4.257015,6.15E-05,0.52184296,9.058214,203.91187,26.217497,-0.44165087,-0.24813531,1.72E-06,34.169342,8.084467888,0.085998699,11,316,-0.5,0.866025404,-0.746972088,0.664855398,0.039556719
13-11-2025,0.090647474,0.002365498,4.4906783,6.03E-05,0.6350136,9.813946,204.48238,27.882206,-0.326087,-0.21341188,3.04E-06,35.32806,8.069378853,0.086771533,11,317,-0.5,0.866025404,-0.735417023,0.677614789,0.039618772
14-11-2025,0.09141556,0.00215827,4.748567,6.01E-05,0.48719406,10.4290085,205.0954,28.532549,-0.22789223,-0.2014721,3.23E-06,35.78561,8.064228058,0.087475533,11,318,-0.5,0.866025404,-0.723644038,0.690173388,0.040402748
15-11-2025,0.09232011,0.002025941,5.012706,6.00E-05,0.7182293,10.983736,205.7072,29.968784,-0.18198873,-0.045431804,-6.22E-08,35.602036,8.067092896,0.088303975,11,319,-0.5,0.866025404,-0.711656622,0.702527474,0.041537471
16-11-2025,0.09339019,0.001931548,5.2972445,6.10E-05,0.048669815,11.564421,206.35158,29.498772,-0.23304346,-0.04119612,-5.96E-07,34.862396,8.07704258,0.089283135,11,320,-0.5,0.866025404,-0.699458327,0.714673386,0.043631062
17-11-2025,0.094284445,0.001877382,5.525408,6.15E-05,0.022039413,12.090355,206.96834,29.01179,-0.23698635,-0.03799617,6.09E-07,34.344654,8.08465004,0.090100675,11,321,-0.5,0.866025404,-0.687052767,0.726607525,0.046488494
18-11-2025,0.09497028,0.001832193,5.744069,6.16E-05,0.23208046,12.58237,207.54584,28.97464,-0.2631136,-0.028860895,-9.10E-07,34.256855,8.086598396,0.090727221,11,322,-0.5,0.866025404,-0.674443619,0.738326354,0.047241539
19-11-2025,0.09532421,0.001792069,5.9288626,6.35E-05,0.3088379,12.984591,208.05489,28.869577,-0.28544298,0.062436454,-8.03E-07,34.329594,8.086492538,0.091050402,11,323,-0.5,0.866025404,-0.661634618,0.749826401,0.048052937
20-11-2025,0.095246546,0.001730422,6.017679,6.31E-05,0.5250683,13.242059,208.41132,28.863926,-0.3512968,0.07170671,-1.04E-06,34.388943,8.086332321,0.090979494,11,324,-0.5,0.866025404,-0.648629561,0.761104259,0.047724269
21-11-2025,0.09481154,0.001690934,6.044362,6.20E-05,0.49899864,13.398585,208.62434,28.725958,-0.37559196,0.07641242,-1.05E-06,34.29386,8.087924004,0.090582239,11,325,-0.5,0.866025404,-0.635432301,0.772156584,0.045843959
22-11-2025,0.09433498,0.001743601,6.0127816,6.12E-05,0.41550636,13.448563,208.7377,28.558378,-0.3612611,-0.003597015,-1.33E-07,34.095814,8.090518951,0.090146855,11,326,-0.5,0.866025404,-0.622046748,0.782980104,0.044889662
23-11-2025,0.09402172,0.001882528,5.8948345,6.27E-05,0.3871746,13.400093,208.791,28.386417,-0.3925084,-0.05387745,-2.38E-07,34.066418,8.090896606,0.089860558,11,327,-0.5,0.866025404,-0.60847687,0.793571609,0.042671345
24-11-2025,0.09393561,0.001861358,5.7487125,6.35E-05,0.49952316,13.397707,208.86049,28.580288,-0.35707676,-0.002878746,-3.05E-07,33.94305,8.092410088,0.089781845,11,328,-0.5,0.866025404,-0.594726687,0.803927962,0.041234076
25-11-2025,0.09412657,0.001840362,5.6585746,6.42E-05,0.27524376,13.492935,208.94139,28.403193,-0.4079647,-0.020777375,-1.58E-06,33.71677,8.095277786,0.089956392,11,329,-0.5,0.866025404,-0.580800273,0.814046094,0.039389879
26-11-2025,0.09482913,0.001984877,5.7212853,6.74E-05,-0.081430435,14.230962,209.08966,27.645699,-0.50195324,-0.11730901,-4.72E-07,33.410595,8.099042892,0.090598305,11,330,-0.5,0.866025404,-0.566701756,0.823923006,0.039002854
27-11-2025,0.09580939,0.002036149,5.83719,7.03E-05,-0.06413841,15.034291,209.24358,27.956524,-0.35306147,-0.027115194,3.28E-07,33.118084,8.101775169,0.091493259,11,331,-0.5,0.866025404,-0.552435313,0.833555772,0.038777698
28-11-2025,0.09678895,0.001965408,5.932876,7.17E-05,-0.031661987,15.806029,209.39774,27.907993,-0.3723415,-0.005715787,-4.48E-07,32.90047,8.10414505,0.092386774,11,332,-0.5,0.866025404,-0.538005172,0.842941537,0.038777698
29-11-2025,0.09884208,0.001977691,6.317835,7.57E-05,-0.20534706,17.977152,209.75012,27.856031,-0.33171362,-0.059327073,1.53E-08,32.681873,8.106706619,0.094256971,11,333,-0.5,0.866025404,-0.523415607,0.852077521,0.038817905
30-11-2025,0.102164984,0.001971592,6.9616513,8.81E-05,-0.18260765,20.950174,210.23012,28.140844,-0.2554309,0.026869202,-6.09E-07,32.43014,8.109988213,0.097276413,11,334,-0.5,0.866025404,-0.508670944,0.860961016,0.039163683
01-12-2025,0.106881805,0.001912506,7.5970564,0.00010475,-0.34579086,23.646982,210.73029,27.644745,-0.30458143,0.06180983,-6.73E-07,31.929905,8.117563248,0.101546877,12,335,-2.45E-16,1,-0.49377555,0.869589389,0.039798457
02-12-2025,0.116846375,0.001920626,8.878843,0.000158404,-0.3547325,27.68006,211.65541,27.189463,-0.39479673,0.06441538,2.11E-06,31.483625,8.124403,0.110508977,12,336,-2.45E-16,1,-0.47873384,0.877960085,0.041373577
03-12-2025,0.13389431,0.001937557,10.836154,0.000183072,-0.053504944,31.04548,213.18668,27.514933,-0.31092566,0.09108258,-7.19E-07,31.293545,8.126447678,0.125658,12,337,-2.45E-16,1,-0.463550271,0.886070622,0.040259928
04-12-2025,0.14996785,0.001898771,12.527327,0.000217102,-0.21440697,31.889894,214.66522,26.974499,-0.348963,0.15124968,6.90E-07,31.152813,8.128339767,0.139733985,12,338,-2.45E-16,1,-0.448229342,0.893918597,0.039163683
05-12-2025,0.16451512,0.001849456,13.758916,0.000257333,-0.28617287,31.246603,215.91716,27.243452,-0.32244495,0.14434306,5.22E-07,31.00008,8.130770683,0.152304794,12,339,-2.45E-16,1,-0.432775593,0.901501684,0.038852636
06-12-2025,0.1739474,0.001836781,14.48157,0.000280782,-0.34555244,30.658651,216.8839,27.880857,-0.22817016,0.12392891,4.70E-07,31.153217,8.127726555,0.160371916,12,340,-2.45E-16,1,-0.417193603,0.908817637,0.037496723
07-12-2025,0.17551927,0.001773987,14.6146965,0.000285968,-0.59168434,29.965237,217.40547,27.962881,-0.2175567,0.19961585,2.66E-06,31.044682,8.128593445,0.161709982,12,341,-2.45E-16,1,-0.401487989,0.915864288,0.037384145
08-12-2025,0.1749729,0.001678493,14.537139,0.000290337,-0.9281006,29.043112,217.68768,28.094152,-0.19972023,0.21301068,6.30E-07,30.794092,8.13240242,0.161245084,12,342,-2.45E-16,1,-0.385663406,0.922639549,0.038723134
09-12-2025,0.1752903,0.001627516,14.538335,0.000290081,-0.9091778,28.14402,217.96974,28.486805,-0.20395966,0.15233244,1.82E-07,30.867094,8.131110191,0.161515181,12,343,-2.45E-16,1,-0.369724543,0.929141411,0.040477466
10-12-2025,0.17801681,0.001569559,14.5895405,0.000295773,-0.6891651,27.172163,218.33636,28.770401,-0.1689334,0.12559687,8.64E-07,31.138931,8.126880646,0.163832355,12,344,-2.45E-16,1,-0.353676122,0.935367949,0.042244416
11-12-2025,0.18340679,0.001488204,14.715719,0.000304859,-0.48989868,26.079418,218.79945,28.85293,-0.21458098,0.16558823,4.39E-08,31.268864,8.125120163,0.168397389,12,345,-2.45E-16,1,-0.3375229,0.941317318,0.04516995
12-12-2025,0.18600585,0.001428897,14.759969,0.000309041,-0.49495697,24.912424,219.14583,28.910637,-0.21120194,0.10973039,-1.26E-06,31.253973,8.125424385,0.170591233,12,346,-2.45E-16,1,-0.321269662,0.946987753,0.049462181
13-12-2025,0.18347812,0.001375826,14.434891,0.000302579,-0.63154984,23.920012,219.15176,28.898867,-0.17975317,0.1076765,-1.30E-06,30.944508,8.129695892,0.168457662,12,347,-2.45E-16,1,-0.304921225,0.952377576,0.050968271
14-12-2025,0.17936268,0.001330793,13.977431,0.0002931,-1.0354881,23.454454,219.00461,28.400024,-0.20398323,0.13331418,-1.82E-06,30.059881,8.142738342,0.164974191,12,348,-2.45E-16,1,-0.288482433,0.957485188,0.050968271
15-12-2025,0.17523864,0.001368853,13.635841,0.000280518,-1.2163734,23.352407,218.96454,27.503042,-0.2096194,0.13705727,-1.99E-06,29.396725,8.153398514,0.161471225,12,349,-2.45E-16,1,-0.271958158,0.962309077,0.051251452
16-12-2025,0.16872574,0.001493206,13.1384535,0.000258639,-0.96024895,23.251848,218.84196,27.360828,-0.15841535,-0.029974846,-4.71E-07,29.474962,8.152874947,0.155914044,12,350,-2.45E-16,1,-0.255353295,0.966847814,0.049244788
17-12-2025,0.1632104,0.001596318,12.71935,0.000246141,-0.9625511,23.230778,218.76741,27.277132,-0.1294211,0.066018924,-5.10E-07,29.565866,8.151652336,0.151183769,12,351,-2.45E-16,1,-0.238672766,0.971100052,0.049487833
18-12-2025,0.16177647,0.001632733,12.640321,0.000250482,-1.0355644,23.988567,218.82208,27.160809,-0.14088611,0.14777781,-5.01E-07,29.360867,8.1541996,0.149950273,12,352,-2.45E-16,1,-0.221921513,0.975064532,0.055450182
19-12-2025,0.16063374,0.001644323,12.552773,0.000254028,-1.0016003,25.226654,218.83011,27.095896,-0.19448413,0.00726734,-1.69E-06,29.216032,8.1554842,0.148966184,12,353,-2.45E-16,1,-0.2051045,0.97874008,0.056074876
20-12-2025,0.15854293,0.001641418,12.160482,0.000257727,-1.0926933,26.088757,218.62549,27.084837,-0.10723429,-0.06972217,-1.43E-06,29.05355,8.157292366,0.147163121,12,354,-2.45E-16,1,-0.18822671,0.982125606,0.056475706
21-12-2025,0.15648927,0.001585801,11.635109,0.000234231,-1.1221619,26.288212,218.29715,26.93933,-0.16642211,0.101422004,-2.47E-06,28.68163,8.162754059,0.145388925,12,355,-2.45E-16,1,-0.171293144,0.985220107,0.061929394
22-12-2025,0.15387605,0.001558374,11.220387,0.000216914,-0.9637432,25.908398,218.04669,26.88007,-0.23475666,-0.016581694,-2.88E-06,28.563114,8.164340973,0.143126753,12,356,-2.45E-16,1,-0.154308821,0.988022666,0.062427491
23-12-2025,0.15050492,0.001633341,10.774138,0.000214381,-0.9432583,25.208345,217.74626,26.836473,-0.16553763,-0.058203194,-1.20E-06,28.710619,8.162037849,0.140200907,12,357,-2.45E-16,1,-0.137278772,0.990532452,0.058073848
24-12-2025,0.14790659,0.001666919,10.35582,0.000219623,-1.05126,24.183996,217.48604,26.59157,-0.18557058,-0.024308244,-2.19E-06,28.547005,8.164725304,0.137939927,12,358,-2.45E-16,1,-0.120208045,0.992748722,0.056477286
25-12-2025,0.14633828,0.001648567,9.976278,0.000211415,-1.0083942,23.039743,217.271,26.646105,-0.2304699,-0.0393626,-1.76E-06,28.388016,8.167222023,0.136572758,12,359,-2.45E-16,1,-0.103101697,0.99467082,0.058395892
26-12-2025,0.14627782,0.001641672,10.094949,0.000208516,-1.2357635,22.8729,217.5447,26.64484,-0.17583871,-0.09940851,-1.25E-06,28.19046,8.170041084,0.136520015,12,360,-2.45E-16,1,-0.085964799,0.996298175,0.054668292
27-12-2025,0.14598891,0.001638467,10.337973,0.000216229,-1.5044727,23.179462,217.93192,26.552708,-0.101797014,-0.12137738,-2.31E-07,27.80334,8.175810814,0.136267941,12,361,-2.45E-16,1,-0.068802427,0.997630305,0.050998725
28-12-2025,0.14590909,0.001623838,10.456894,0.000225226,-1.6535263,23.532187,218.25452,26.475147,-0.1125928,-0.044097796,-1.32E-06,27.50939,8.180650711,0.136198287,12,362,-2.45E-16,1,-0.051619667,0.998666816,0.048474357
29-12-2025,0.1454558,0.001585348,10.20365,0.000216567,-1.6880054,23.309143,218.25623,26.450697,-0.14273793,-0.10482481,-1.25E-06,27.230791,8.185251236,0.135802636,12,363,-2.45E-16,1,-0.034421612,0.999407401,0.04792174
30-12-2025,0.1453195,0.001533159,9.774286,0.000216144,-1.622755,22.717035,218.13448,26.420015,-0.093228,-0.1406692,-1.16E-06,26.976288,8.188838005,0.135683637,12,364,-2.45E-16,1,-0.017213356,0.999851839,0.045972321
31-12-2025,0.14499994,0.001477368,9.204922,0.000217753,-1.6097775,21.802368,217.89543,26.419445,-0.09239645,-0.11964186,-1.48E-06,27.013845,8.187603951,0.135404585,12,365,-2.45E-16,1,6.43E-16,1,0.046600375
01-01-2026,0.14404172,0.001447083,9.025026,0.00021699,-1.5257187,21.496098,217.96318,26.273441,-0.086134434,-0.16117923,3.65E-07,27.10113,8.185647964,0.134567361,1,1,0.5,0.866025404,0.017213356,0.999851839,0.047395945
02-01-2026,0.14310725,0.001427001,9.105364,0.000216457,-1.5343819,21.71132,218.19287,26.226883,-0.046422794,-0.13366212,7.97E-07,26.929632,8.187449455,0.133750212,1,2,0.5,0.866025404,0.034421612,0.999407401,0.048028056
03-01-2026,0.14273036,0.001399149,9.410958,0.000215843,-1.5166512,22.523943,218.69067,26.170496,-0.04671406,-0.10253278,6.14E-07,26.813637,8.188803673,0.133420451,1,3,0.5,0.866025404,0.051619667,0.998666816,0.04945356
04-01-2026,0.14260522,0.00136703,9.471375,0.0002174,-1.5138702,22.842276,219.07318,26.182833,-0.070049964,-0.1178629,8.67E-07,26.722286,8.190020561,0.133310936,1,4,0.5,0.866025404,0.068802427,0.997630305,0.052190796
05-01-2026,0.14205913,0.001328677,9.0628805,0.000220753,-1.4331436,22.013922,219.14502,26.260313,-0.088353045,-0.15892296,7.74E-07,26.598131,8.191178322,0.132832887,1,5,0.5,0.866025404,0.085964799,0.996298175,0.054117866
06-01-2026,0.14210503,0.001305668,8.717571,0.000226907,-1.4650421,21.294735,219.28291,26.340763,-0.09642564,-0.11779168,7.63E-07,26.605486,8.190446854,0.132873077,1,6,0.5,0.866025404,0.103101697,0.99467082,0.054998733
07-01-2026,0.14357921,0.001297966,8.001179,0.000234647,-1.5543613,19.84302,218.98009,26.41917,-0.11196048,-0.09528027,9.71E-07,26.791397,8.187898636,0.134163002,1,7,0.5,0.866025404,0.120208045,0.992748722,0.056492191
08-01-2026,0.14321326,0.001298647,7.760274,0.000235937,-1.5395164,19.337957,219.09187,26.530039,-0.12043246,-0.10332711,1.69E-07,27.007353,8.185042381,0.133842947,1,8,0.5,0.866025404,0.137278772,0.990532452,0.055796131
09-01-2026,0.1420869,0.001332186,7.586659,0.000235104,-1.455967,18.95245,219.15813,26.644522,-0.05934314,-0.13782777,1.29E-06,27.050264,8.183513641,0.132857203,1,9,0.5,0.866025404,0.154308821,0.988022666,0.052737534
10-01-2026,0.14111178,0.001376844,7.517811,0.000239656,-1.4469643,18.789536,219.30981,26.782007,-0.07040294,-0.096062526,9.02E-07,26.966293,8.183531761,0.132003033,1,10,0.5,0.866025404,0.171293144,0.985220107,0.05024837
11-01-2026,0.14269497,0.001388538,7.164002,0.000271727,-1.4154015,18.137327,219.15955,26.931065,-0.11601427,-0.095342144,1.73E-08,26.978384,8.183354378,0.133389481,1,11,0.5,0.866025404,0.18822671,0.982125606,0.049276859
12-01-2026,0.14309219,0.00139215,6.951294,0.000244212,-1.4130478,17.736818,219.2086,27.045738,-0.12171841,-0.09231253,-4.15E-08,27.16712,8.181144714,0.133737038,1,12,0.5,0.866025404,0.2051045,0.97874008,0.049123205
13-01-2026,0.14084665,0.001429921,6.8268137,0.000231084,-1.5115204,17.48763,219.36824,27.153313,-0.06956804,-0.12007942,1.09E-06,27.334438,8.178209305,0.131770662,1,13,0.5,0.866025404,0.221921513,0.975064532,0.04685292
14-01-2026,0.13938715,0.001441582,6.692677,0.000231612,-1.5582256,17.253231,219.52359,27.295301,-0.016755225,-0.09991172,8.35E-08,27.199545,8.178894043,0.13049053,1,14,0.5,0.866025404,0.238672766,0.971100052,0.046286069
15-01-2026,0.13854374,0.001409835,6.510828,0.000233493,-1.6040707,16.953602,219.63725,27.529099,-0.05429095,-0.11009429,-2.04E-07,26.998161,8.180794716,0.129750025,1,15,0.5,0.866025404,0.255353295,0.966847814,0.045850869
16-01-2026,0.13775925,0.001387069,6.382256,0.0002318,-1.6937809,16.744013,219.78928,27.66749,-0.025067436,-0.14399686,-9.85E-09,26.898203,8.181225777,0.129060758,1,16,0.5,0.866025404,0.271958158,0.962309077,0.045850869
17-01-2026,0.13697042,0.001376297,6.3249383,0.000228831,-1.8609123,16.632914,219.94818,27.789305,-0.012353614,-0.13313648,-3.11E-07,26.867945,8.180751801,0.128367199,1,17,0.5,0.866025404,0.288482433,0.957485188,0.045850869
18-01-2026,0.13599648,0.001359615,6.415018,0.000222526,-1.7842674,16.721123,220.22061,27.894835,-0.035104137,-0.12411374,-1.20E-06,27.016,8.178535461,0.127510222,1,18,0.5,0.866025404,0.304921225,0.952377576,0.043976419
19-01-2026,0.13467482,0.001318551,6.6360617,0.000213616,-1.5761089,16.969475,220.65822,27.977383,0.002166241,-0.15567948,-6.13E-07,27.241163,8.175311089,0.126346108,1,19,0.5,0.866025404,0.321269662,0.946987753,0.043758463
20-01-2026,0.13357407,0.001250303,6.7489014,0.000207192,-1.2372437,17.021168,221.01453,28.08632,-0.007489094,-0.122354686,-3.42E-07,27.512753,8.171377182,0.125375535,1,20,0.5,0.866025404,0.3375229,0.941317318,0.043758463
21-01-2026,0.13278504,0.001182777,6.7516894,0.000201485,-0.939991,16.887781,221.25487,28.172367,-0.027168848,-0.10568982,-3.99E-07,27.807487,8.167448044,0.124679238,1,21,0.5,0.866025404,0.353676122,0.935367949,0.044219106
22-01-2026,0.13200758,0.001126408,6.6901226,0.000195834,-0.8285179,16.676073,221.44235,28.186975,0.003155942,-0.08365124,6.59E-08,28.055466,8.164338112,0.123992676,1,22,0.5,0.866025404,0.369724543,0.929141411,0.046035115
23-01-2026,0.13130562,0.0010756,6.594691,0.000191649,-0.8668785,16.41946,221.54044,28.18984,-0.000117333,-0.025642771,-3.32E-07,28.15119,8.163293839,0.123372382,1,23,0.5,0.866025404,0.385663406,0.922639549,0.046093773
24-01-2026,0.1305667,0.001035715,6.468704,0.00018947,-0.92869186,16.104492,221.59999,28.165232,0.01667303,0.029716905,-4.35E-07,28.174631,8.163261414,0.122719011,1,24,0.5,0.866025404,0.401487989,0.915864288,0.045832083
25-01-2026,0.12990724,0.001011814,6.319915,0.000189183,-0.97462463,15.756995,221.66133,28.098392,0.01749809,0.10212824,5.98E-07,28.197664,8.163379669,0.122135541,1,25,0.5,0.866025404,0.417193603,0.908817637,0.046294242
26-01-2026,0.12969586,0.000997164,6.127493,0.000190367,-0.90748405,15.329488,221.69861,28.046022,0.045509547,0.13407865,1.50E-06,28.233685,8.163434029,0.121948446,1,26,0.5,0.866025404,0.432775593,0.901501684,0.047659133
27-01-2026,0.12943602,0.000982989,5.953297,0.000189542,-0.9452095,14.923674,221.74648,28.080996,0.0778736,0.20759489,2.77E-06,28.269365,8.163502693,0.121718411,1,27,0.5,0.866025404,0.448229342,0.893918597,0.047659133
28-01-2026,0.1287294,0.000973697,5.8463483,0.000187544,-1.1892796,14.648572,221.81706,27.977179,0.10722073,0.18076432,1.16E-06,28.29982,8.163751602,0.121092575,1,28,0.5,0.866025404,0.463550271,0.886070622,0.047389437
29-01-2026,0.12759489,0.000971473,5.843821,0.000182775,-1.3444633,14.553782,221.9361,27.720222,0.13410354,0.1598626,1.24E-06,28.239923,8.165705681,0.120086948,1,29,0.5,0.866025404,0.47873384,0.877960085,0.046817951
30-01-2026,0.12678565,0.000952548,5.882298,0.000181387,-1.5605106,14.518889,222.07756,27.477196,0.06230235,0.22475265,1.87E-06,27.962502,8.170646667,0.119369022,1,30,0.5,0.866025404,0.49377555,0.869589389,0.045130305
31-01-2026,0.12694432,0.000925457,5.9149046,0.000183339,-1.6509228,14.453732,222.15036,27.385431,0.011550281,0.2047569,1.18E-06,27.747252,8.174219131,0.119509828,1,31,0.5,0.866025404,0.508670944,0.860961016,0.045400001
